City_ID,city,country,date,lat,lng,max_temp,humidity,cloudiness,wind_speed
0,Xuddur,SO,2021-01-19 03:18:04,4.1213,43.8894,67.75,65,88,14.27
1,Grindavik,IS,2021-01-19 03:18:04,63.8424,-22.4338,30.2,86,20,24.16
2,Ponta Do Sol,PT,2021-01-19 03:18:04,32.6667,-17.1,57.0,66,87,1.99
3,Clyde River,CA,2021-01-19 03:18:04,70.4692,-68.5914,-7.6,84,90,6.91
4,Vaini,TO,2021-01-19 03:18:04,-21.2,-175.2,86.0,74,75,10.36
5,Sandata,RU,2021-01-19 03:18:04,46.2708,41.7583,12.27,96,100,3.89
6,Bredasdorp,ZA,2021-01-19 03:18:05,-34.5322,20.0403,64.4,88,98,4.61
7,Port Augusta,AU,2021-01-19 03:18:05,-32.5,137.7667,87.01,43,0,17.27
8,Port Alfred,ZA,2021-01-19 03:18:05,-33.5906,26.891,66.0,91,0,1.01
9,Ushuaia,AR,2021-01-19 03:16:55,-54.8,-68.3,50.0,76,20,3.51
10,Berlevag,NO,2021-01-19 03:13:42,70.8578,29.0864,28.2,93,100,23.91
11,San Patricio,US,2021-01-19 03:18:05,28.017,-97.5169,69.8,88,75,18.41
12,Rikitea,PF,2021-01-19 03:18:05,-23.1203,-134.9692,78.49,74,63,13.53
13,Hayden,US,2021-01-19 03:16:39,47.766,-116.7866,30.99,93,90,4.61
14,Mahebourg,MU,2021-01-19 03:18:06,-20.4081,57.7,78.8,94,40,10.36
15,Thompson,CA,2021-01-19 03:18:06,55.7435,-97.8558,-7.6,84,90,3.44
16,Ulaanbaatar,MN,2021-01-19 03:18:06,47.9077,106.8832,-7.6,77,0,2.24
17,Praia Da Vitoria,PT,2021-01-19 03:18:06,38.7333,-27.0667,62.6,88,75,31.9
18,Coquimbo,CL,2021-01-19 03:13:14,-29.9533,-71.3436,57.2,88,0,5.75
19,Saint-Philippe,RE,2021-01-19 03:18:06,-21.3585,55.7679,82.4,57,0,4.61
20,Torbay,CA,2021-01-19 03:18:07,47.6666,-52.7314,37.99,87,90,16.11
21,Topeka,US,2021-01-19 03:18:07,39.0483,-95.678,32.0,74,1,3.44
22,Mataura,NZ,2021-01-19 03:18:07,-46.1927,168.8643,61.0,56,35,18.01
23,Cidreira,BR,2021-01-19 03:18:07,-30.1811,-50.2056,69.26,73,15,6.78
24,Lebu,CL,2021-01-19 03:18:07,-37.6167,-73.65,59.07,86,0,18.59
25,Port Keats,AU,2021-01-19 03:18:07,-14.25,129.55,88.54,67,100,10.58
26,Egvekinot,RU,2021-01-19 03:18:07,66.3167,-179.1667,-18.02,86,100,8.97
27,Haines Junction,CA,2021-01-19 03:18:08,60.7522,-137.5108,33.8,100,100,5.75
28,Yingcheng,CN,2021-01-19 03:18:08,30.95,113.55,51.8,40,0,11.18
29,Tuktoyaktuk,CA,2021-01-19 03:18:08,69.4541,-133.0374,-5.8,77,20,9.22
30,Ahipara,NZ,2021-01-19 03:18:08,-35.1667,173.1667,71.67,68,95,15.12
31,Yellowknife,CA,2021-01-19 03:18:08,62.456,-114.3525,-0.4,85,90,13.8
32,Kurilsk,RU,2021-01-19 03:18:08,45.2333,147.8833,22.39,90,100,20.0
33,Natal,BR,2021-01-19 03:18:08,-5.795,-35.2094,80.6,74,40,11.5
34,Upernavik,GL,2021-01-19 03:18:08,72.7868,-56.1549,6.76,77,23,6.89
35,Souillac,MU,2021-01-19 03:18:09,-20.5167,57.5167,78.8,94,40,10.36
36,Ust-Omchug,RU,2021-01-19 03:18:09,61.15,149.6333,-21.35,80,100,9.26
37,Barrow,US,2021-01-19 03:18:09,71.2906,-156.7887,-2.2,78,90,20.71
38,Christchurch,NZ,2021-01-19 03:18:09,-43.5333,172.6333,75.0,56,40,23.02
39,Hilo,US,2021-01-19 03:13:27,19.7297,-155.09,71.6,83,90,6.91
40,Xam Nua,LA,2021-01-19 03:18:09,20.4197,104.0439,62.01,47,0,2.26
41,Swellendam,ZA,2021-01-19 03:18:09,-34.0226,20.4417,64.4,88,22,4.61
42,Geraldton,AU,2021-01-19 03:18:09,-28.7667,114.6,87.8,58,0,16.11
43,Kapaa,US,2021-01-19 03:13:50,22.0752,-159.319,69.8,73,90,20.71
44,Jalu,LY,2021-01-19 03:18:10,29.0331,21.5482,49.1,52,0,10.65
45,Salalah,OM,2021-01-19 03:18:10,17.0151,54.0924,69.8,21,0,10.36
46,Bluff,NZ,2021-01-19 03:18:10,-46.6,168.3333,61.0,56,61,18.01
47,Olafsvik,IS,2021-01-19 03:18:10,64.8945,-23.7142,30.88,91,21,13.29
48,Gobabis,NA,2021-01-19 03:18:10,-22.45,18.9667,70.61,50,100,8.05
49,Polunochnoye,RU,2021-01-19 03:18:10,60.8697,60.4153,-16.35,84,8,2.13
50,Laguna,US,2021-01-19 03:16:19,38.421,-121.4238,66.0,20,1,21.85
51,Busselton,AU,2021-01-19 03:18:11,-33.65,115.3333,98.01,30,9,1.99
52,Petropavlovsk-Kamchatskiy,RU,2021-01-19 03:18:11,53.0452,158.6483,23.0,50,40,17.9
53,Lagoa Vermelha,BR,2021-01-19 03:18:11,-28.2086,-51.5258,57.96,95,13,7.54
54,Itoman,JP,2021-01-19 03:18:11,26.1247,127.6694,66.2,52,75,13.8
55,Lasa,IT,2021-01-19 03:18:11,46.6166,10.7002,25.0,79,0,6.91
56,Honiara,SB,2021-01-19 03:18:11,-9.4333,159.95,85.33,72,59,4.32
57,Hobart,AU,2021-01-19 03:16:21,-42.8794,147.3294,66.0,31,0,18.41
58,Sinnamary,GF,2021-01-19 03:13:29,5.3833,-52.95,77.52,82,93,13.38
59,Lorengau,PG,2021-01-19 03:18:11,-2.0226,147.2712,84.97,73,62,11.01
60,Dingle,PH,2021-01-19 03:18:12,10.9995,122.6711,76.86,89,100,12.06
61,Camacha,PT,2021-01-19 03:18:12,33.0833,-16.3333,55.4,82,0,6.76
62,Sijunjung,ID,2021-01-19 03:18:12,-0.6876,100.9537,77.94,72,97,2.1
63,Punta Arenas,CL,2021-01-19 03:18:12,-53.15,-70.9167,46.4,81,0,3.44
64,Georgetown,MY,2021-01-19 03:18:12,5.4112,100.3354,81.0,65,40,4.61
65,Te Anau,NZ,2021-01-19 03:18:12,-45.4167,167.7167,46.31,85,100,9.57
66,Dukat,RU,2021-01-19 03:18:12,62.55,155.55,-38.15,81,100,5.77
67,Chokurdakh,RU,2021-01-19 03:18:12,70.6333,147.9167,-33.63,84,4,4.21
68,Lloret De Mar,ES,2021-01-19 03:18:13,41.6999,2.8457,46.99,100,0,2.3
69,Provideniya,RU,2021-01-19 03:18:13,64.3833,-173.3,-5.8,71,75,13.42
70,Sao Felix Do Xingu,BR,2021-01-19 03:18:13,-6.6447,-51.995,73.18,94,100,1.03
71,Husavik,IS,2021-01-19 03:13:43,66.0449,-17.3389,32.0,86,75,19.57
72,Chuy,UY,2021-01-19 03:18:13,-33.6971,-53.4616,60.76,76,0,4.36
73,Vila Velha,BR,2021-01-19 03:18:13,-20.3297,-40.2925,77.0,83,40,6.91
74,Colesberg,ZA,2021-01-19 03:18:13,-30.72,25.0972,71.44,29,2,5.73
75,Houma,US,2021-01-19 03:14:23,29.5958,-90.7195,50.0,76,1,6.51
76,Caravelas,BR,2021-01-19 03:18:13,-17.7125,-39.2481,74.41,85,0,5.95
77,Hithadhoo,MV,2021-01-19 03:18:14,-0.6,73.0833,80.29,69,0,7.52
78,Katsuura,JP,2021-01-19 03:18:14,35.1333,140.3,48.2,34,20,21.85
79,Kaitangata,NZ,2021-01-19 03:18:14,-46.2817,169.8464,60.31,47,100,12.19
80,Albany,US,2021-01-19 03:18:14,42.6001,-73.9662,30.0,70,14,6.71
81,Lucea,JM,2021-01-19 03:18:14,18.451,-78.1736,77.0,73,20,8.05
82,Ecuandureo,MX,2021-01-19 03:18:14,20.1667,-102.1833,58.39,67,73,2.37
83,Dikson,RU,2021-01-19 03:18:14,73.5069,80.5464,-20.49,85,19,21.97
84,Atuona,PF,2021-01-19 03:18:14,-9.8,-139.0333,78.49,77,5,17.52
85,Saravena,CO,2021-01-19 03:18:14,6.9538,-71.8752,73.26,66,36,2.68
86,Taltal,CL,2021-01-19 03:18:15,-25.4,-70.4833,65.86,72,0,4.09
87,Tiksi,RU,2021-01-19 03:18:15,71.6872,128.8694,-29.96,85,100,4.92
88,Sinjar,IQ,2021-01-19 03:18:15,36.3209,41.8754,43.43,80,98,7.74
89,Mehamn,NO,2021-01-19 03:18:15,71.0357,27.8492,26.74,93,83,19.66
90,Lamu,KE,2021-01-19 03:18:15,-2.2717,40.902,73.4,88,1,8.25
91,Dunedin,NZ,2021-01-19 03:18:15,-45.8742,170.5036,64.0,48,100,7.0
92,Vanimo,PG,2021-01-19 03:18:15,-2.6741,141.3028,84.92,68,91,5.28
93,Boissevain,CA,2021-01-19 03:18:16,49.2306,-100.0559,15.01,100,90,8.05
94,Hambantota,LK,2021-01-19 03:18:16,6.1241,81.1185,73.4,100,75,3.44
95,Kodiak,US,2021-01-19 03:16:21,57.79,-152.4072,37.4,60,75,17.27
96,Carutapera,BR,2021-01-19 03:18:16,-1.195,-46.02,79.14,78,100,6.53
97,Hermanus,ZA,2021-01-19 03:18:16,-34.4187,19.2345,63.0,91,63,2.89
98,Ust-Kuyga,RU,2021-01-19 03:18:16,70.0167,135.6,-41.31,78,100,3.98
99,Saldanha,ZA,2021-01-19 03:18:16,-33.0117,17.9442,62.6,88,0,5.75
100,East London,ZA,2021-01-19 03:18:16,-33.0153,27.9116,69.06,81,0,17.54
101,Nome,US,2021-01-19 03:18:16,64.5011,-165.4064,9.0,78,90,6.91
102,Sao Joao Da Barra,BR,2021-01-19 03:18:17,-21.6403,-41.0511,76.05,89,0,14.2
103,Qaanaaq,GL,2021-01-19 03:18:17,77.484,-69.3632,3.25,82,62,7.47
104,Longyearbyen,SJ,2021-01-19 03:18:17,78.2186,15.6401,17.6,62,20,25.32
105,Taoudenni,ML,2021-01-19 03:18:17,22.6783,-3.9836,53.85,38,91,13.6
106,Mar Del Plata,AR,2021-01-19 03:18:17,-38.0023,-57.5575,73.99,60,0,5.75
107,Schererville,US,2021-01-19 03:18:17,41.4789,-87.4548,27.0,68,90,13.8
108,Fort Frances,CA,2021-01-19 03:18:17,48.5999,-93.4003,1.99,85,90,8.05
109,Dubovka,RU,2021-01-19 03:18:18,49.0583,44.829,10.4,85,90,4.47
110,Hovd,MN,2021-01-19 03:18:18,48.0056,91.6419,5.59,70,36,0.78
111,Avarua,CK,2021-01-19 03:18:18,-21.2078,-159.775,82.4,74,95,5.75
112,Ilulissat,GL,2021-01-19 03:18:18,69.2167,-51.1,6.8,61,36,2.3
113,Batagay,RU,2021-01-19 03:18:18,67.6333,134.6333,-38.65,79,100,1.52
114,Pangnirtung,CA,2021-01-19 03:18:18,66.1451,-65.7125,16.56,85,100,11.05
115,Waipawa,NZ,2021-01-19 03:18:18,-41.4122,175.5153,69.8,68,75,35.68
116,Cocoa Beach,US,2021-01-19 03:18:18,28.32,-80.6076,55.4,76,1,3.44
117,Iranshahr,IR,2021-01-19 03:18:18,27.2025,60.6848,50.0,50,0,6.91
118,Sawtell,AU,2021-01-19 03:18:19,-30.3833,153.1,82.4,69,0,20.71
119,Fort Nelson,CA,2021-01-19 03:18:19,58.8053,-122.7002,23.0,80,90,2.3
120,Bay Roberts,CA,2021-01-19 03:18:19,47.5999,-53.2648,39.0,90,100,8.39
121,Constitucion,CL,2021-01-19 03:18:19,-35.3333,-72.4167,58.1,81,0,3.83
122,Nanortalik,GL,2021-01-19 03:18:19,60.1432,-45.2371,28.13,84,100,7.4
123,Ponta Delgada,PT,2021-01-19 03:18:19,37.7333,-25.6667,61.0,88,75,19.57
124,Nikolskoye,RU,2021-01-19 03:18:19,59.7035,30.7861,21.2,86,90,2.24
125,Iqaluit,CA,2021-01-19 03:18:20,63.7506,-68.5145,23.0,86,90,14.97
126,Castro,BR,2021-01-19 03:18:20,-24.7911,-50.0119,64.69,97,100,10.74
127,Acapulco,MX,2021-01-19 03:18:20,16.8634,-99.8901,77.0,88,20,4.12
128,Pavlodar,KZ,2021-01-19 03:18:20,52.3,76.95,-14.8,76,20,1.34
129,Monrovia,LR,2021-01-19 03:18:20,6.3005,-10.7969,78.48,82,86,2.75
130,Port Elizabeth,ZA,2021-01-19 03:17:46,-33.918,25.5701,62.6,100,0,2.13
131,Miles City,US,2021-01-19 03:18:20,46.4083,-105.8406,30.2,86,40,18.41
132,Ca Mau,VN,2021-01-19 03:18:20,9.1769,105.15,81.73,53,77,2.98
133,Half Moon Bay,US,2021-01-19 03:15:01,37.4636,-122.4286,66.2,32,1,3.44
134,Cape Town,ZA,2021-01-19 03:18:21,-33.9258,18.4232,68.0,88,0,10.36
135,Flin Flon,CA,2021-01-19 03:18:21,54.7682,-101.865,-3.26,92,91,4.65
136,Abu Dhabi,AE,2021-01-19 03:17:49,24.4667,54.3667,64.4,94,40,11.52
137,Pedasi,PA,2021-01-19 03:18:21,7.5333,-80.0333,79.0,75,0,21.25
138,Butaritari,KI,2021-01-19 03:18:21,3.0707,172.7902,81.48,80,45,17.49
139,Hofn,IS,2021-01-19 03:18:21,64.2539,-15.2082,35.46,80,100,25.95
140,Onega,RU,2021-01-19 03:18:22,63.9061,38.1404,17.35,97,100,9.82
141,Ladario,BR,2021-01-19 03:18:22,-19.0047,-57.6017,65.82,91,100,2.08
142,Guasdualito,VE,2021-01-19 03:18:22,7.2424,-70.7324,75.13,70,1,3.62
143,Khatanga,RU,2021-01-19 03:18:22,71.9667,102.5,-35.14,81,0,12.59
144,George,ZA,2021-01-19 03:18:14,-33.963,22.4617,59.0,100,20,6.91
145,Severo-Kurilsk,RU,2021-01-19 03:18:22,50.6789,156.125,19.6,86,87,28.14
146,Lalibela,ET,2021-01-19 03:15:00,12.0333,39.0333,45.01,43,86,5.88
147,Point Fortin,TT,2021-01-19 03:18:22,10.1833,-61.6833,75.0,92,58,14.72
148,Puerto Ayora,EC,2021-01-19 03:18:23,-0.7393,-90.3518,73.0,97,98,5.84
149,Vila Franca Do Campo,PT,2021-01-19 03:18:23,37.7167,-25.4333,61.0,88,75,19.57
150,Seddon,AU,2021-01-19 03:18:23,-37.8068,144.8916,68.0,48,40,17.27
151,Saskylakh,RU,2021-01-19 03:18:23,71.9167,114.0833,-36.58,81,100,2.86
152,Kidal,ML,2021-01-19 03:18:23,18.4411,1.4078,62.44,27,0,14.12
153,Maldonado,UY,2021-01-19 03:18:23,-34.6667,-54.9167,66.99,82,0,4.61
154,Zhongshu,CN,2021-01-19 03:18:23,24.5167,103.7667,51.04,67,5,12.55
155,Roma,US,2021-01-19 03:14:30,43.2128,-75.4557,25.0,80,90,2.01
156,Airai,TL,2021-01-19 03:18:23,-8.9266,125.4092,64.24,100,100,2.1
157,Arraial Do Cabo,BR,2021-01-19 03:18:24,-22.9661,-42.0278,75.67,84,0,20.33
158,Prince Rupert,CA,2021-01-19 03:18:24,54.3161,-130.3201,48.2,66,90,16.11
159,Tuatapere,NZ,2021-01-19 03:18:24,-46.1333,167.6833,61.0,56,71,18.01
160,Kutum,SD,2021-01-19 03:18:24,14.2,24.6667,49.96,48,0,10.89
161,Syasstroy,RU,2021-01-19 03:18:24,60.1367,32.5691,10.17,96,89,7.09
162,Jibuti,DJ,2021-01-19 03:18:24,11.5,42.5,77.0,65,20,3.87
163,Esperance,AU,2021-01-19 03:18:24,-33.8667,121.9,87.8,29,0,13.8
164,Hasaki,JP,2021-01-19 03:18:24,35.7333,140.8333,48.0,26,20,24.16
165,Lima,PE,2021-01-19 03:14:17,-12.0432,-77.0282,75.99,83,75,9.22
166,Mahibadhoo,MV,2021-01-19 03:18:25,3.7833,72.9667,81.72,75,65,8.52
167,Pochutla,MX,2021-01-19 03:18:25,15.7432,-96.4661,75.0,70,0,3.18
168,Nioro,GM,2021-01-19 03:13:51,13.35,-15.75,69.24,21,8,7.87
169,Oxford,GB,2021-01-19 03:17:22,51.7522,-1.256,51.8,93,75,14.97
170,Cap Malheureux,MU,2021-01-19 03:18:25,-19.9842,57.6142,80.01,86,89,1.99
171,Dasoguz,TM,2021-01-19 03:18:25,41.8363,59.9666,35.6,87,0,4.61
172,Dwarka,IN,2021-01-19 03:18:25,22.2394,68.9678,68.41,51,0,12.28
173,Paranaiba,BR,2021-01-19 03:14:22,-19.6772,-51.1908,74.03,86,100,2.21
174,Ushumun,RU,2021-01-19 03:18:26,52.7833,126.5333,-19.66,81,0,2.42
175,Mackay,AU,2021-01-19 03:18:26,-21.15,149.2,80.6,78,75,16.11
176,Kaeo,NZ,2021-01-19 03:18:26,-35.1,173.7833,74.37,57,100,14.14
177,Labuhan,ID,2021-01-19 03:18:26,-6.8844,112.2051,80.44,81,70,17.92
178,Pevek,RU,2021-01-19 03:18:26,69.7008,170.3133,-28.57,86,100,6.58
179,Tasiilaq,GL,2021-01-19 03:18:26,65.6145,-37.6368,21.2,42,27,1.14
180,Mana,GF,2021-01-19 03:18:26,5.6592,-53.7767,77.25,83,96,11.74
181,Richards Bay,ZA,2021-01-19 03:18:26,-28.783,32.0377,69.69,86,66,4.29
182,Pangoa,PE,2021-01-19 03:18:26,-12.1167,-73.0,67.19,91,100,1.72
183,Orlik,RU,2021-01-19 03:18:27,52.5178,99.825,10.76,87,36,3.89
184,Macomb,US,2021-01-19 03:15:03,40.4592,-90.6718,32.0,86,1,3.44
185,Leningradskiy,RU,2021-01-19 03:18:27,69.3833,178.4167,-22.16,84,100,12.82
186,Santa Maria,BR,2021-01-19 03:18:27,-29.6842,-53.8069,69.8,83,0,9.22
187,Jamestown,US,2021-01-19 03:18:27,42.097,-79.2353,30.0,86,90,16.11
188,Bilma,NE,2021-01-19 03:18:27,18.6853,12.9164,56.19,36,0,11.83
189,Rozsypne,UA,2021-01-19 03:18:27,48.1497,38.5762,0.37,94,82,3.67
190,Evanston,US,2021-01-19 03:18:27,42.0411,-87.6901,28.0,63,90,8.05
191,Tambo,PE,2021-01-19 03:18:27,-14.8,-73.9167,36.73,100,100,1.23
192,Langxiang,CN,2021-01-19 03:18:28,46.95,128.8833,-7.85,76,1,6.35
193,Teluknaga,ID,2021-01-19 03:18:28,-6.0989,106.6381,82.99,74,40,10.36
194,Boromo,BF,2021-01-19 03:18:28,11.75,-2.9333,69.3,22,3,6.15
195,Kieta,PG,2021-01-19 03:18:28,-6.2167,155.6333,86.13,60,87,3.87
196,Tovarkovo,RU,2021-01-19 03:18:28,54.6762,35.9386,1.4,85,90,1.92
197,New Norfolk,AU,2021-01-19 03:18:28,-42.7826,147.0587,66.0,37,60,4.0
198,Belmonte,BR,2021-01-19 03:18:28,-15.8631,-38.8828,75.2,83,0,2.3
199,Sorong,ID,2021-01-19 03:18:28,-0.8833,131.25,81.16,74,100,7.29
200,Mareeba,AU,2021-01-19 03:18:29,-17.0,145.4333,86.0,70,96,8.05
201,Tiel,NL,2021-01-19 03:18:29,51.8833,5.4333,42.01,87,100,14.0
202,Byron Bay,AU,2021-01-19 03:18:29,-28.65,153.6167,84.0,65,99,5.75
203,Yenagoa,NG,2021-01-19 03:18:29,4.9247,6.2642,76.35,93,52,3.87
204,Champerico,GT,2021-01-19 03:18:29,14.3,-91.9167,64.0,96,0,5.19
205,Yarensk,RU,2021-01-19 03:18:29,62.1675,49.0916,-5.98,91,99,4.97
206,Dakar,SN,2021-01-19 03:18:29,14.6937,-17.4441,64.4,77,0,4.61
207,Salta,AR,2021-01-19 03:14:32,-24.7859,-65.4117,64.4,77,0,2.3
208,Takaka,NZ,2021-01-19 03:18:29,-40.85,172.8,64.99,87,63,18.99
209,Bestobe,KZ,2021-01-19 03:18:30,52.4994,73.0975,-10.5,89,27,3.0
210,Carnarvon,AU,2021-01-19 03:18:30,-24.8667,113.6333,86.0,84,3,16.11
211,Kogon,UZ,2021-01-19 03:18:30,39.7228,64.5517,30.2,86,38,4.61
212,Krasnoselkup,RU,2021-01-19 03:18:30,65.7,82.4667,-15.32,89,100,2.33
213,Kuusamo,FI,2021-01-19 03:18:30,65.9667,29.1833,21.2,93,90,5.75
214,Zabaykalsk,RU,2021-01-19 03:18:30,49.6333,117.3167,-8.05,87,15,4.5
215,Bajitpur,BD,2021-01-19 03:18:30,24.2167,90.95,62.6,94,40,5.23
216,Basco,PH,2021-01-19 03:18:30,20.4487,121.9702,72.16,77,58,29.84
217,Tokmak,UA,2021-01-19 03:18:30,47.2514,35.7058,7.38,95,100,3.44
218,Port-Cartier,CA,2021-01-19 03:18:31,50.0334,-66.8654,17.01,73,96,19.57
219,Port Hedland,AU,2021-01-19 03:18:31,-20.3167,118.5667,100.4,32,12,12.66
220,Sao Jose Da Coroa Grande,BR,2021-01-19 03:18:31,-8.8978,-35.1478,77.04,82,1,8.37
221,Pangkalanbuun,ID,2021-01-19 03:18:31,-2.6833,111.6167,87.4,58,100,3.09
222,Jishou,CN,2021-01-19 03:18:31,28.3167,109.7167,53.91,44,0,2.04
223,Vardo,NO,2021-01-19 03:18:31,70.3705,31.1107,28.67,95,95,27.89
224,Asau,RO,2021-01-19 03:18:31,46.4333,26.4,1.99,92,40,1.14
225,Okmulgee,US,2021-01-19 03:18:31,35.6234,-95.9605,51.8,43,90,3.44
226,Mount Gambier,AU,2021-01-19 03:18:31,-37.8333,140.7667,69.8,40,0,18.41
227,Myski,RU,2021-01-19 03:18:32,53.709,87.8014,-0.94,91,17,3.56
228,Tigre,AR,2021-01-19 03:18:32,-34.426,-58.5796,73.0,73,0,8.61
229,Kirakira,SB,2021-01-19 03:18:32,-10.4544,161.9205,86.09,69,65,5.75
230,Vung Tau,VN,2021-01-19 03:18:32,10.346,107.0843,74.91,61,39,6.6
231,Nuziders,AT,2021-01-19 03:18:32,47.1667,9.8,24.01,86,100,6.4
232,Nizhniy Lomov,RU,2021-01-19 03:18:32,53.5304,43.6766,-5.76,92,100,2.51
233,Mollendo,PE,2021-01-19 03:18:32,-17.0231,-72.0147,70.61,77,69,6.02
234,Port Macquarie,AU,2021-01-19 03:18:32,-31.4333,152.9167,80.01,94,90,10.36
235,Zhigalovo,RU,2021-01-19 03:18:32,54.8097,105.1578,13.91,93,98,6.11
236,Puerto Suarez,BO,2021-01-19 03:18:33,-18.95,-57.8,65.19,93,100,1.9
237,San Ignacio,BZ,2021-01-19 03:18:33,17.1561,-89.0714,69.01,88,75,3.2
238,Thabazimbi,ZA,2021-01-19 03:18:33,-24.5917,27.4116,61.0,94,100,4.52
239,Bilibino,RU,2021-01-19 03:18:33,68.0546,166.4372,-34.15,77,1,1.72
240,Manzil Salim,TN,2021-01-19 03:18:33,35.8567,8.4765,30.2,86,0,3.44
241,Alofi,NU,2021-01-19 03:18:33,-19.0595,-169.9187,87.8,66,75,8.05
242,Harper,LR,2021-01-19 03:18:33,4.375,-7.7169,78.15,82,8,4.99
243,Moncao,PT,2021-01-19 03:18:34,42.0789,-8.4808,51.01,87,0,11.5
244,Meadow Lake,US,2021-01-19 03:18:34,34.8014,-106.5436,45.0,42,75,24.16
245,Ostrovnoy,RU,2021-01-19 03:18:34,68.0531,39.5131,18.52,96,93,11.01
246,Touros,BR,2021-01-19 03:18:34,-5.1989,-35.4608,78.8,78,40,9.22
247,Tromso,NO,2021-01-19 03:18:34,69.6496,18.957,23.0,93,0,5.75
248,Smithers,CA,2021-01-19 03:16:18,54.7804,-127.1743,30.2,86,90,6.91
249,Awjilah,LY,2021-01-19 03:18:34,29.1081,21.2869,49.69,50,0,11.61
250,Tuxtla,MX,2021-01-19 03:18:34,16.75,-93.1167,66.2,82,20,3.44
251,Changli,CN,2021-01-19 03:18:34,39.7042,119.1506,18.97,85,98,6.85
252,Ribeira Grande,PT,2021-01-19 03:18:35,38.5167,-28.7,63.27,88,100,34.49
253,Kankan,GN,2021-01-19 03:18:35,10.3854,-9.3057,66.11,24,59,3.71
254,Punta De Piedra,VE,2021-01-19 03:18:35,7.6176,-71.4916,74.37,70,89,1.92
255,Ishigaki,JP,2021-01-19 03:18:35,24.3448,124.1572,64.4,68,75,18.41
256,Lompoc,US,2021-01-19 03:16:05,34.6391,-120.4579,66.2,37,1,13.8
257,Maunabo,PR,2021-01-19 03:18:35,18.0072,-65.8993,75.99,88,65,11.7
258,Ambon,ID,2021-01-19 03:18:35,-3.6954,128.1814,89.6,62,20,5.75
259,Luganville,VU,2021-01-19 03:18:35,-15.5333,167.1667,86.85,68,91,8.21
260,Port Blair,IN,2021-01-19 03:18:36,11.6667,92.75,82.4,74,75,8.05
261,Hami,CN,2021-01-19 03:18:36,42.8,93.45,20.8,70,16,2.95
262,Asuncion Mita,GT,2021-01-19 03:14:28,14.3308,-89.7108,70.29,75,30,6.89
263,Igarka,RU,2021-01-19 03:18:36,67.4667,86.5833,-10.82,88,100,10.27
264,Mogadishu,SO,2021-01-19 03:18:36,2.0371,45.3438,75.16,81,100,17.43
265,Batemans Bay,AU,2021-01-19 03:18:36,-35.7167,150.1833,77.0,56,12,8.99
266,Oudtshoorn,ZA,2021-01-19 03:18:36,-33.5907,22.2014,59.0,100,20,6.91
267,Heihe,CN,2021-01-19 03:18:37,50.2441,127.4902,-9.4,45,0,6.71
268,Tanout,NE,2021-01-19 03:18:37,14.9709,8.8879,58.75,32,99,13.89
269,Bengkulu,ID,2021-01-19 03:18:37,-3.8004,102.2655,82.9,63,96,1.63
270,Neiafu,TO,2021-01-19 03:18:37,-18.65,-173.9833,86.0,74,20,9.22
271,Lagoa,PT,2021-01-19 03:18:37,39.05,-27.9833,60.93,94,100,37.07
272,Lae,PG,2021-01-19 03:18:37,-6.7221,146.9847,93.2,43,40,4.61
273,Tongzi,CN,2021-01-19 03:18:37,28.7829,105.0877,48.11,60,0,2.89
274,Hannibal,US,2021-01-19 03:18:38,39.7084,-91.3585,33.01,100,90,3.44
275,Yambio,SS,2021-01-19 03:18:38,4.5721,28.3955,67.24,35,78,1.21
276,Caxito,AO,2021-01-19 03:18:38,-8.5785,13.6643,75.2,83,40,4.61
277,Sao Filipe,CV,2021-01-19 03:18:38,14.8961,-24.4956,73.2,65,100,9.62
278,Shimoda,JP,2021-01-19 03:18:38,34.6667,138.95,46.4,57,75,12.66
279,Bambous Virieux,MU,2021-01-19 03:18:38,-20.3428,57.7575,80.01,94,40,10.36
280,Mezen,RU,2021-01-19 03:18:38,65.8522,44.24,19.44,97,100,10.85
281,Viedma,AR,2021-01-19 03:18:39,-40.8135,-62.9967,70.0,44,0,9.57
282,Adrar,MR,2021-01-19 03:18:39,20.5022,-10.0711,57.2,31,100,13.76
283,Tessalit,ML,2021-01-19 03:18:39,20.1986,1.0114,60.73,28,32,13.91
284,Arumbavur,IN,2021-01-19 03:18:39,11.3833,78.7333,71.6,88,40,5.75
285,Yarada,IN,2021-01-19 03:18:40,17.65,83.2667,71.6,83,20,2.3
286,Manoel Urbano,BR,2021-01-19 03:18:40,-8.8389,-69.2597,71.91,97,95,4.94
287,Storslett,NO,2021-01-19 03:18:40,69.7678,21.0247,24.1,93,97,5.48
288,Kahului,US,2021-01-19 03:18:40,20.8947,-156.47,71.6,83,90,24.16
289,Komsomolskiy,UZ,2021-01-19 03:18:40,40.4272,71.7189,37.4,70,100,6.91
290,Sainte-Suzanne,RE,2021-01-19 03:18:40,-20.9061,55.6089,82.4,74,83,13.8
291,Shu,KZ,2021-01-19 03:18:40,43.5983,73.7614,38.62,72,99,3.53
292,Patitirion,GR,2021-01-19 03:18:41,39.15,23.8667,41.0,81,20,6.91
293,Atambua,ID,2021-01-19 03:18:41,-9.1061,124.8925,73.17,93,100,2.91
294,Kalat,PK,2021-01-19 03:18:41,29.0225,66.5916,41.29,67,0,6.02
295,Rodbyhavn,DK,2021-01-19 03:18:41,54.6544,11.352,37.99,92,100,3.0
296,Massaguet,TD,2021-01-19 03:18:41,12.4755,15.4365,66.2,24,30,8.05
297,Jever,DE,2021-01-19 03:18:41,53.5833,7.9,41.0,93,100,13.8
298,Verkhoyansk,RU,2021-01-19 03:15:00,67.5447,133.385,-36.63,79,100,1.54
299,Utete,TZ,2021-01-19 03:18:42,-7.986,38.758,72.86,97,100,1.54
300,Ilebo,CD,2021-01-19 03:18:42,-4.3167,20.5833,70.34,94,100,0.34
301,Mount Isa,AU,2021-01-19 03:18:42,-20.7333,139.5,98.6,25,0,11.5
302,Cherskiy,RU,2021-01-19 03:18:42,68.75,161.3,-41.57,80,59,5.55
303,Luderitz,NA,2021-01-19 03:18:42,-26.6481,15.1594,64.83,82,47,12.88
304,Santa Cruz Do Sul,BR,2021-01-19 03:18:42,-29.7175,-52.4258,66.0,87,0,1.01
305,Necochea,AR,2021-01-19 03:18:42,-38.5473,-58.7368,68.88,51,0,8.1
306,Rorvik,NO,2021-01-19 03:17:51,64.8621,11.2373,30.9,92,0,14.18
307,San Cristobal,VE,2021-01-19 03:18:36,7.7669,-72.225,65.35,88,43,1.34
308,Zhengjiatun,CN,2021-01-19 03:18:43,43.5064,123.5064,2.62,85,84,11.97
309,Marrakesh,MA,2021-01-19 03:15:00,31.6315,-8.0083,44.6,76,40,3.44
310,Gbarnga,LR,2021-01-19 03:18:43,6.9956,-9.4722,66.25,91,1,1.92
311,Shahpura,IN,2021-01-19 03:18:43,27.3833,75.9667,53.6,82,0,2.3
312,Aranos,NA,2021-01-19 03:18:43,-24.1333,19.1167,73.11,26,91,6.38
313,Codrington,AU,2021-01-19 03:18:43,-38.2667,141.9667,61.47,56,0,15.82
314,Hailar,CN,2021-01-19 03:18:43,49.2,119.7,-10.34,89,100,6.69
315,Saint-Augustin,CA,2021-01-19 03:18:43,51.226,-58.6502,29.14,96,99,11.1
316,La Romana,DO,2021-01-19 03:14:59,18.4273,-68.9728,69.8,100,40,9.69
317,Kruisfontein,ZA,2021-01-19 03:18:44,-34.0033,24.7314,60.01,91,0,6.55
318,Rawson,AR,2021-01-19 03:18:44,-43.3002,-65.1023,67.93,56,0,9.51
319,Rosetown,CA,2021-01-19 03:18:00,51.5501,-108.0014,28.4,80,87,17.27
320,Kavieng,PG,2021-01-19 03:18:44,-2.5744,150.7967,84.61,72,76,11.88
321,Saint-Leger,BE,2021-01-19 03:18:44,49.612,5.6569,36.0,92,100,5.01
322,Saint-Francois,FR,2021-01-19 03:18:44,46.4154,3.9054,30.99,93,0,2.3
323,Poum,NC,2021-01-19 03:18:44,-20.2333,164.0167,83.41,75,100,8.46
324,Fortuna,US,2021-01-19 03:18:05,40.5982,-124.1573,51.01,93,1,8.05
325,Montepuez,MZ,2021-01-19 03:18:45,-13.1256,38.9997,69.04,99,93,3.09
326,Norman Wells,CA,2021-01-19 03:18:45,65.282,-126.8329,3.2,85,75,11.5
327,Rochester,US,2021-01-19 03:15:44,43.1548,-77.6156,32.0,93,90,9.22
328,Ransang,PH,2021-01-19 03:18:45,8.9603,117.5828,83.48,70,100,4.56
329,Alice Springs,AU,2021-01-19 03:18:45,-23.7,133.8833,89.6,13,0,16.11
330,Uhlove,UA,2021-01-19 03:18:45,44.8215,33.6045,19.0,67,65,1.01
331,Tahe,CN,2021-01-19 03:18:45,52.3333,124.7333,-11.34,74,6,2.46
332,Khandbari,NP,2021-01-19 03:18:45,27.3747,87.2039,57.51,56,87,0.92
333,Ossora,RU,2021-01-19 03:18:46,59.2353,163.0719,-5.24,86,100,12.33
334,Salinas,US,2021-01-19 03:15:37,36.6777,-121.6555,60.8,44,1,3.44
335,Ambulu,ID,2021-01-19 03:18:46,-8.345,113.6058,83.34,69,96,1.81
336,Upington,ZA,2021-01-19 03:18:46,-28.4478,21.2561,69.8,64,24,2.3
337,Umm Kaddadah,SD,2021-01-19 03:18:46,13.6017,26.6876,59.88,33,0,20.65
338,Kendari,ID,2021-01-19 03:18:46,-3.945,122.4989,79.18,79,100,5.26
339,Zhicheng,CN,2021-01-19 03:18:46,30.2956,111.5047,50.74,48,0,1.45
340,Calafell,ES,2021-01-19 03:18:47,41.2,1.5683,48.0,100,0,4.99
341,Launceston,AU,2021-01-19 03:18:47,-41.45,147.1667,66.0,32,49,14.97
342,Tura,IN,2021-01-19 03:18:47,25.5198,90.2201,66.76,52,3,5.66
343,Borisoglebskiy,RU,2021-01-19 03:18:47,57.2586,39.1508,1.4,85,90,2.24
344,Paraguacu Paulista,BR,2021-01-19 03:18:47,-22.4128,-50.5758,70.47,98,100,5.14
345,Ormara,PK,2021-01-19 03:18:47,25.2088,64.6357,67.26,70,0,2.93
346,Sarkikaraagac,TR,2021-01-19 03:18:47,38.0794,31.3664,17.56,88,15,4.09
347,Wakkanai,JP,2021-01-19 03:18:47,45.4094,141.6739,14.0,79,75,14.97
348,Narsaq,GL,2021-01-19 03:18:47,60.9167,-46.05,15.8,62,100,4.61
349,Pisco,PE,2021-01-19 03:18:48,-13.7,-76.2167,68.0,88,0,8.05
350,Conselheiro Pena,BR,2021-01-19 03:18:48,-19.1722,-41.4722,72.46,83,60,3.62
351,Port Hardy,CA,2021-01-19 03:18:48,50.6996,-127.4199,42.8,100,90,3.44
352,Morondava,MG,2021-01-19 03:18:48,-20.2833,44.2833,79.45,85,100,6.17
353,Jasdan,IN,2021-01-19 03:18:48,22.0333,71.2,66.0,72,0,4.61
354,Chapais,CA,2021-01-19 03:18:48,49.7834,-74.8492,-5.8,77,20,8.05
355,Lockhart,US,2021-01-19 03:18:48,28.6194,-81.4426,55.4,50,1,3.44
356,Cairns,AU,2021-01-19 03:17:42,-16.9167,145.7667,86.0,70,100,8.05
357,Matara,LK,2021-01-19 03:18:49,5.9485,80.5353,79.16,84,28,4.18
358,Muros,ES,2021-01-19 03:18:49,42.7762,-9.0603,46.0,96,2,1.01
359,Bethel,US,2021-01-19 03:18:49,41.3712,-73.414,33.01,59,1,5.75
360,Paoua,CF,2021-01-19 03:18:49,7.2427,16.4406,64.76,27,67,5.77
361,Anito,PH,2021-01-19 03:18:49,12.4497,125.2886,78.4,90,100,15.59
362,Nouadhibou,MR,2021-01-19 03:18:49,20.931,-17.0347,62.6,36,0,19.57
363,Guangyuan,CN,2021-01-19 03:18:49,32.442,105.823,42.01,34,14,3.0
364,Antibes,FR,2021-01-19 03:16:35,43.5624,7.1278,41.0,65,0,11.5
365,Kristiinankaupunki,FI,2021-01-19 03:18:50,62.2743,21.376,29.25,95,98,9.42
366,Hamilton,US,2021-01-19 03:17:58,39.1834,-84.5333,34.0,80,90,5.44
367,Marsh Harbour,BS,2021-01-19 03:18:50,26.5412,-77.0636,67.71,60,94,12.03
368,Bud,US,2021-01-19 03:18:50,39.447,-86.1758,30.99,89,97,5.97
369,Gemona,IT,2021-01-19 03:18:50,46.2794,13.1431,28.99,83,7,4.09
370,Ust-Nera,RU,2021-01-19 03:18:50,64.5667,143.2,-17.93,78,100,4.74
371,Tilichiki,RU,2021-01-19 03:18:50,60.4667,166.1,-24.72,85,11,15.39
372,Aswan,EG,2021-01-19 03:18:50,24.0934,32.907,49.78,52,53,11.05
373,Cayenne,GF,2021-01-19 03:14:15,4.9333,-52.3333,78.8,89,75,4.61
374,Muncie,US,2021-01-19 03:15:17,40.1934,-85.3864,33.8,75,90,4.61
375,Cape Canaveral,US,2021-01-19 03:18:51,28.4058,-80.6048,55.4,76,1,3.44
376,Yeppoon,AU,2021-01-19 03:18:51,-23.1333,150.7333,93.2,36,66,5.75
377,Samarai,PG,2021-01-19 03:18:51,-10.6167,150.6667,87.49,69,84,13.04
378,Orcopampa,PE,2021-01-19 03:18:51,-15.2661,-72.3417,46.26,69,100,2.37
379,Avera,US,2021-01-19 03:18:52,33.194,-82.5271,37.99,70,1,6.33
380,Klaksvik,FO,2021-01-19 03:18:52,62.2266,-6.589,35.6,87,8,6.91
381,Bathsheba,BB,2021-01-19 03:18:52,13.2167,-59.5167,78.8,78,75,20.71
382,Boddam,GB,2021-01-19 03:17:10,57.4667,-1.7833,32.0,93,0,2.3
383,Artyom,AZ,2021-01-19 03:18:52,40.4723,50.333,41.0,81,90,13.8
384,Wajir,KE,2021-01-19 03:18:52,1.7471,40.0573,73.13,69,97,8.95
385,Kamiiso,JP,2021-01-19 03:18:52,41.8167,140.65,23.0,63,75,20.71
386,Impfondo,CG,2021-01-19 03:18:52,1.6381,18.0667,71.69,80,80,2.84
387,Wuwei,CN,2021-01-19 03:18:53,37.9281,102.6414,29.23,63,1,2.17
388,Zlatibor,RS,2021-01-19 03:18:53,43.7168,19.7,23.0,93,90,6.91
389,Lasem,ID,2021-01-19 03:15:15,-6.6922,111.4527,78.42,87,100,17.11
390,Sao Joao Do Piaui,BR,2021-01-19 03:18:53,-8.3581,-42.2467,74.43,72,36,3.31
391,Yulara,AU,2021-01-19 03:18:53,-25.2406,130.9889,93.2,13,0,13.8
392,Dibulla,CO,2021-01-19 03:18:53,11.2725,-73.3091,76.91,75,100,11.59
393,Moerai,PF,2021-01-19 03:18:53,-22.4333,-151.3333,81.03,73,99,8.12
394,Andenes,NO,2021-01-19 03:18:54,69.3143,16.1194,30.2,80,69,13.8
395,Talara,PE,2021-01-19 03:14:13,-4.5772,-81.2719,71.65,82,100,11.23
396,Bowen,AU,2021-01-19 03:16:17,-20.0167,148.2333,80.6,78,90,10.36
397,Topolovatu Mare,RO,2021-01-19 03:18:54,45.7739,21.6189,25.0,100,90,4.61
398,Kenai,US,2021-01-19 03:18:54,60.5544,-151.2583,37.0,80,90,12.66
399,Zhanaozen,KZ,2021-01-19 03:18:54,43.3,52.8,29.57,93,100,12.35
400,Eruwa,NG,2021-01-19 03:18:54,7.5333,3.4167,75.56,86,0,3.91
401,Sakakah,SA,2021-01-19 03:18:54,29.9697,40.2064,42.8,56,0,7.43
402,Ouadda,CF,2021-01-19 03:18:54,8.0777,22.4007,69.69,23,37,7.72
403,Rio Grande,BR,2021-01-19 03:18:54,-32.035,-52.0986,64.0,87,0,8.81
404,Channel-Port Aux Basques,CA,2021-01-19 03:18:55,47.5702,-59.1367,33.93,91,99,15.97
405,Agen,FR,2021-01-19 03:14:13,44.2,0.6333,30.2,93,0,6.91
406,Ayolas,PY,2021-01-19 03:18:55,-27.4,-56.9,66.56,55,0,5.84
407,Rundu,NA,2021-01-19 03:18:55,-17.9333,19.7667,65.46,92,100,8.88
408,Kota Belud,MY,2021-01-19 03:18:55,6.351,116.4305,82.4,83,20,3.44
409,Tarko-Sale,RU,2021-01-19 03:18:55,64.9225,77.785,-28.77,85,3,6.91
410,Saint George,US,2021-01-19 03:18:55,37.1041,-113.5841,48.2,27,1,12.66
411,Tual,ID,2021-01-19 03:18:55,-5.6667,132.75,83.62,75,100,12.01
412,Faanui,PF,2021-01-19 03:18:56,-16.4833,-151.75,81.01,76,3,14.58
413,Roald,NO,2021-01-19 03:18:56,62.5833,6.1333,39.2,60,20,10.36
414,Dzhebariki-Khaya,RU,2021-01-19 03:18:56,62.2167,135.8,-44.46,75,100,1.32
415,Tchollire,CM,2021-01-19 03:18:56,8.4022,14.1698,66.2,26,33,0.36
416,Yuancheng,CN,2021-01-19 03:18:56,36.652,107.7896,33.33,71,0,6.76
417,Yerbogachen,RU,2021-01-19 03:18:57,61.2767,108.0108,-23.42,86,100,10.07
418,Liwale,TZ,2021-01-19 03:18:57,-9.7667,37.9333,72.27,91,100,5.35
419,Nizhniy Kuranakh,RU,2021-01-19 03:18:57,58.8353,125.4869,-31.09,77,1,1.99
420,Fairbanks,US,2021-01-19 03:18:57,64.8378,-147.7164,35.6,44,40,9.22
421,Zhigansk,RU,2021-01-19 03:18:57,66.7697,123.3711,-51.52,76,55,5.68
422,Los Llanos De Aridane,ES,2021-01-19 03:18:57,28.6585,-17.9182,60.8,67,20,8.05
423,Victoria,HK,2021-01-19 03:17:21,22.2855,114.1577,62.01,52,0,1.99
424,San Javier,ES,2021-01-19 03:18:57,37.8063,-0.8374,48.0,100,75,3.44
425,Zlobin,HR,2021-01-19 03:18:57,45.2924,14.6541,33.8,86,0,5.75
426,Lowicz,PL,2021-01-19 03:18:58,52.1071,19.9453,21.2,86,75,3.44
427,Dabakala,CI,2021-01-19 03:18:58,8.3667,-4.4333,72.95,34,1,2.93
428,Pizarro,CO,2021-01-19 03:16:08,4.9533,-77.366,76.59,87,14,0.81
429,Ravar,IR,2021-01-19 03:18:58,31.2656,56.8055,45.72,47,0,3.04
430,Talnakh,RU,2021-01-19 03:18:58,69.4865,88.3972,-22.14,86,48,4.88
431,San Jose,US,2021-01-19 03:15:55,37.3394,-121.895,68.0,11,20,9.22
432,Cockburn Town,TC,2021-01-19 03:18:58,21.4612,-71.1419,78.84,80,100,13.91
433,Wuchi,CN,2021-01-19 03:18:58,29.3786,103.023,36.3,83,91,2.66
434,Daru,PG,2021-01-19 03:18:59,-9.0763,143.2092,87.39,65,100,4.07
435,Xinmin,CN,2021-01-19 03:16:09,41.9908,122.8253,8.6,40,0,4.47
436,Saint-Pierre,RE,2021-01-19 03:18:59,-21.3393,55.4781,82.4,57,0,4.61
437,Poopo,BO,2021-01-19 03:18:59,-18.3667,-66.9667,46.51,70,100,7.83
438,Mandalgovi,MN,2021-01-19 03:18:59,45.7625,106.2708,10.13,88,71,3.94
439,Port Moresby,PG,2021-01-19 03:18:59,-9.4431,147.1797,87.8,70,40,11.5
440,Yar-Sale,RU,2021-01-19 03:19:00,66.8333,70.8333,-18.76,87,99,13.94
441,San Ramon,US,2021-01-19 03:18:05,37.7799,-121.978,64.4,17,1,4.61
442,Sioux Lookout,CA,2021-01-19 03:19:00,50.1001,-91.917,-2.2,78,90,4.61
443,Yumen,CN,2021-01-19 03:19:00,40.2833,97.2,18.99,76,1,20.65
444,Auchel,FR,2021-01-19 03:19:00,50.5034,2.4735,43.0,98,100,5.99
445,Mineiros,BR,2021-01-19 03:19:00,-17.5694,-52.5511,68.76,97,100,2.51
446,Wageningen,NL,2021-01-19 03:19:00,51.9667,5.6667,42.01,87,90,18.41
447,Bandar-E Lengeh,IR,2021-01-19 03:19:01,26.5579,54.8807,62.6,67,0,11.43
448,Eureka,US,2021-01-19 03:19:01,40.8021,-124.1637,51.01,83,1,1.99
449,Namibe,AO,2021-01-19 03:19:01,-15.1961,12.1522,71.4,72,100,4.38
450,Caucel,MX,2021-01-19 03:19:01,21.0167,-89.7167,70.0,78,40,11.5
451,Arlit,NE,2021-01-19 03:19:01,18.7369,7.3853,57.4,32,0,4.14
452,Broome,US,2021-01-19 03:19:01,42.2506,-75.833,28.99,93,75,4.61
453,Aquin,HT,2021-01-19 03:19:01,18.2833,-73.4,74.43,78,100,5.01
454,Gat,IL,2021-01-19 03:15:03,31.61,34.7642,51.01,53,0,1.99
455,Salekhard,RU,2021-01-19 03:19:02,66.53,66.6019,-18.42,82,100,5.19
456,Chabahar,IR,2021-01-19 03:19:02,25.2919,60.643,65.97,78,0,11.12
457,Baykit,RU,2021-01-19 03:19:02,61.67,96.37,-19.52,82,100,3.0
458,Kumylzhenskaya,RU,2021-01-19 03:19:02,49.8809,42.5898,2.3,93,97,2.37
459,Inirida,CO,2021-01-19 03:19:02,3.8653,-67.9239,74.03,95,80,2.51
460,Cabo San Lucas,MX,2021-01-19 03:19:02,22.8909,-109.9124,68.0,37,90,3.44
461,Kloulklubed,PW,2021-01-19 03:19:02,7.0419,134.2556,82.4,78,90,10.36
462,San Quintin,MX,2021-01-19 03:19:02,30.4833,-115.95,62.1,76,86,12.26
463,Deputatskiy,RU,2021-01-19 03:19:03,69.3,139.9,-39.68,84,89,2.19
464,Kongoussi,BF,2021-01-19 03:19:03,13.3258,-1.5347,69.21,23,0,8.68
465,Kuala Terengganu,MY,2021-01-19 03:16:21,5.3302,103.1408,82.4,65,20,6.91
466,Olga,RU,2021-01-19 03:19:03,43.7444,135.2892,-0.67,73,0,17.31
467,Alta,NO,2021-01-19 03:19:03,69.9689,23.2717,19.4,93,58,2.3
468,Meulaboh,ID,2021-01-19 03:19:03,4.1363,96.1285,83.34,68,82,2.51
469,Nishihara,JP,2021-01-19 03:19:03,26.1842,127.7558,66.2,42,75,11.5
470,Carbonia,IT,2021-01-19 03:19:03,39.1672,8.5222,43.0,87,40,1.14
471,Sola,VU,2021-01-19 03:19:04,-13.8833,167.55,83.57,77,47,12.57
472,Minab,IR,2021-01-19 03:19:04,27.1467,57.0801,53.6,94,1,2.3
473,Iroquois Falls,CA,2021-01-19 03:19:04,48.7669,-80.6831,5.0,85,90,5.75
474,Adelaide,AU,2021-01-19 03:14:54,-34.9333,138.6,81.0,41,20,8.05
475,Alta Floresta,BR,2021-01-19 03:19:04,-9.8756,-56.0861,71.42,99,100,1.72
476,Palmer,US,2021-01-19 03:19:04,42.1584,-72.3287,30.99,55,20,8.05
477,Korla,CN,2021-01-19 03:19:04,41.7597,86.1469,21.09,79,100,2.42
478,Russell,US,2021-01-19 03:15:27,32.3502,-85.1999,42.8,75,1,2.53
479,Canton,CN,2021-01-19 03:15:39,23.1167,113.25,62.01,33,0,4.47
480,Sangar,RU,2021-01-19 03:19:05,63.9242,127.4739,-50.24,75,18,3.2
481,Laredo,US,2021-01-19 03:14:58,27.5064,-99.5075,73.4,78,1,19.57
482,Esil,KZ,2021-01-19 03:19:05,51.9556,66.4042,4.71,90,100,7.83
483,Sierpc,PL,2021-01-19 03:19:05,52.8568,19.6691,15.93,97,73,9.98
484,Ukiah,US,2021-01-19 03:19:05,39.1502,-123.2078,57.99,44,1,3.44
485,Ulladulla,AU,2021-01-19 03:19:06,-35.35,150.4667,69.01,52,75,16.11
486,Alakurtti,RU,2021-01-19 03:19:06,66.9672,30.3491,7.29,94,4,4.03
487,San Buenaventura,MX,2021-01-19 03:19:06,27.0833,-101.5333,62.47,32,0,1.36
488,La Asuncion,VE,2021-01-19 03:19:06,11.0333,-63.8628,76.06,88,55,12.03
489,Bull Savanna,JM,2021-01-19 03:19:06,17.8868,-77.5902,72.46,72,100,7.54
490,Balkanabat,TM,2021-01-19 03:19:06,39.5108,54.3671,46.13,79,51,9.35
491,Constantine,DZ,2021-01-19 03:19:06,36.365,6.6147,30.2,93,0,1.14
492,Karratha,AU,2021-01-19 03:19:07,-20.7377,116.8463,101.88,27,31,5.82
493,Nemuro,JP,2021-01-19 03:15:12,43.3236,145.575,23.0,63,75,12.66
494,Muli,MV,2021-01-19 03:19:07,2.9167,73.5667,81.88,70,47,8.21
495,Kushiro,JP,2021-01-19 03:15:22,42.975,144.3747,23.0,63,75,13.8
496,Saint-Louis,SN,2021-01-19 03:19:07,16.3333,-15.0,70.32,18,100,12.17
497,Flinders,AU,2021-01-19 03:19:07,-34.5833,150.8552,72.0,59,31,5.99
498,Mbarara,UG,2021-01-19 03:18:10,-0.608,30.65,65.82,63,90,1.86
499,Great Yarmouth,GB,2021-01-19 03:19:07,52.6083,1.7305,46.4,100,90,11.5
500,Cam Ranh,VN,2021-01-19 03:19:07,11.9214,109.1591,75.2,60,75,14.97
501,Nokaneng,BW,2021-01-19 03:19:07,-19.6667,22.2667,69.26,93,100,12.77
502,Safaga,EG,2021-01-19 03:19:08,26.7292,33.9365,53.6,35,0,11.5
503,Qujing,CN,2021-01-19 03:19:08,25.4833,103.7833,52.0,50,47,18.16
504,Northam,GB,2021-01-19 03:19:08,51.0333,-4.2167,50.0,96,100,14.0
505,Rodrigues Alves,BR,2021-01-19 03:19:08,-7.738,-72.6509,74.28,95,100,2.57
506,Chimoio,MZ,2021-01-19 03:19:08,-19.1164,33.4833,69.8,100,75,5.75
507,Nizwa,OM,2021-01-19 03:19:08,22.9333,57.5333,56.97,50,0,3.09
508,Buarcos,PT,2021-01-19 03:19:09,40.166,-8.8768,48.0,93,0,4.61
509,Uarini,BR,2021-01-19 03:19:09,-2.99,-65.1083,77.0,94,75,6.91
510,Kataysk,RU,2021-01-19 03:15:06,56.289,62.5841,-5.04,86,92,3.76
511,Mahon,ES,2021-01-19 03:19:09,39.8885,4.2658,46.4,87,40,5.75
512,Oussouye,SN,2021-01-19 03:19:09,12.485,-16.5469,68.0,56,0,6.91
513,Kayerkan,RU,2021-01-19 03:19:09,69.3497,87.7602,-22.14,87,100,4.52
514,Freeport,US,2021-01-19 03:18:23,40.6576,-73.5832,39.0,65,1,9.22
515,Opuwo,NA,2021-01-19 03:19:09,-18.0607,13.84,67.98,53,100,3.51
516,Hongjiang,CN,2021-01-19 03:19:09,27.11,109.9956,56.23,42,0,1.61
517,Porangatu,BR,2021-01-19 03:19:10,-13.4408,-49.1486,70.99,92,85,2.21
518,Petropavl,KZ,2021-01-19 03:19:10,54.8753,69.1628,-14.8,84,59,6.71
519,Portland,US,2021-01-19 03:15:04,45.5234,-122.6762,44.6,70,1,5.75
520,Pokhara,NP,2021-01-19 03:19:10,28.2333,83.9833,60.89,37,68,1.36
521,San Alberto,CO,2021-01-19 03:19:10,7.7611,-73.3922,78.12,58,0,2.13
522,Hwange,ZW,2021-01-19 03:19:10,-18.3693,26.5019,69.44,96,100,4.83
523,Chivay,PE,2021-01-19 03:19:10,-15.6383,-71.6011,47.39,66,100,4.79
524,Sorland,NO,2021-01-19 03:19:10,67.667,12.6934,35.85,83,0,18.16
525,Stykkisholmur,IS,2021-01-19 03:19:11,65.0757,-22.7297,28.69,92,50,16.44
526,Hede,CN,2021-01-19 03:19:11,33.7681,120.2517,46.44,59,0,15.66
527,Tazovskiy,RU,2021-01-19 03:19:11,67.4667,78.7,-11.78,89,99,8.5
528,Poitiers,FR,2021-01-19 03:16:03,46.5833,0.3333,34.0,93,0,4.61
529,Calamar,CO,2021-01-19 03:19:11,10.2511,-74.9146,78.8,89,40,13.8
530,Port Hawkesbury,CA,2021-01-19 03:19:11,45.6169,-61.3485,34.0,75,90,13.8
531,Sitka,US,2021-01-19 03:19:11,57.0531,-135.33,46.4,81,90,26.46
532,Itarema,BR,2021-01-19 03:19:11,-2.9248,-39.9167,79.11,79,100,11.25
533,Jaromer,CZ,2021-01-19 03:19:11,50.3562,15.9214,33.01,95,100,13.27
534,Aklavik,CA,2021-01-19 03:19:12,68.2191,-135.0107,3.2,85,100,2.3
535,San Policarpo,PH,2021-01-19 03:19:12,12.1791,125.5072,80.74,86,100,18.72
536,Lata,PT,2021-01-19 03:19:12,40.1629,-8.3327,48.0,93,0,4.61
537,Mahajanga,MG,2021-01-19 03:19:12,-15.7167,46.3167,80.6,89,20,3.44
538,Buala,SB,2021-01-19 03:19:12,-8.145,159.5921,87.03,60,100,5.93
539,Lugovoy,KZ,2021-01-19 03:19:12,42.9472,72.7644,39.74,66,100,6.91
540,Maple Creek,CA,2021-01-19 03:19:12,49.9168,-109.4848,32.0,74,4,11.5
541,Mbengwi,CM,2021-01-19 03:19:12,6.0167,10.0,62.49,36,71,1.54
542,Coihaique,CL,2021-01-19 03:19:12,-45.5752,-72.0662,55.4,94,75,2.3
543,Gorom-Gorom,BF,2021-01-19 03:19:13,14.4439,-0.2361,70.21,22,0,10.13
544,Nipawin,CA,2021-01-19 03:19:13,53.3668,-104.0009,1.4,85,90,8.05
