City_ID,city,lat,lng,max_temp,humidity,cloudiness,wind_speed,country,date,description
0,Busselton,-33.65,115.3333,78.01,55,0,3.0,AU,2021-01-22 00:57:48,clear sky
1,Alekseyevsk,57.8406,108.3492,-17.77,86,100,1.88,RU,2021-01-22 00:57:48,overcast clouds
2,Port Alfred,-33.5906,26.891,64.99,95,0,10.25,ZA,2021-01-22 00:57:48,clear sky
3,Port Elizabeth,-33.918,25.5701,68.0,94,90,9.22,ZA,2021-01-22 00:57:49,fog
4,Iqaluit,63.7506,-68.5145,32.0,69,75,25.32,CA,2021-01-22 00:55:09,snow
5,Bolobo,-2.1667,16.2333,74.57,78,3,2.62,CD,2021-01-22 00:57:02,clear sky
6,Rikitea,-23.1203,-134.9692,79.03,73,3,14.36,PF,2021-01-22 00:57:49,clear sky
7,Avera,33.194,-82.5271,57.2,96,90,6.91,US,2021-01-22 00:57:49,mist
8,Mahebourg,-20.4081,57.7,77.0,88,40,2.3,MU,2021-01-22 00:55:08,scattered clouds
9,Albany,42.6001,-73.9662,33.01,56,26,5.95,US,2021-01-22 00:57:07,scattered clouds
10,Mar Del Plata,-38.0023,-57.5575,73.0,88,0,5.75,AR,2021-01-22 00:54:43,clear sky
11,Kodiak,57.79,-152.4072,42.8,81,90,14.97,US,2021-01-22 00:53:02,moderate rain
12,Indi,17.1667,75.9667,67.57,48,0,5.93,IN,2021-01-22 00:57:50,clear sky
13,Busselton,-33.65,115.3333,78.01,55,0,3.0,AU,2021-01-22 01:00:05,clear sky
14,Alekseyevsk,57.8406,108.3492,-17.77,86,100,1.88,RU,2021-01-22 00:57:48,overcast clouds
15,Port Alfred,-33.5906,26.891,64.99,95,0,10.25,ZA,2021-01-22 00:57:48,clear sky
16,Port Elizabeth,-33.918,25.5701,68.0,94,90,9.22,ZA,2021-01-22 00:57:49,fog
17,Iqaluit,63.7506,-68.5145,32.0,69,75,25.32,CA,2021-01-22 00:55:09,snow
18,Bolobo,-2.1667,16.2333,74.57,78,3,2.62,CD,2021-01-22 00:57:02,clear sky
19,Rikitea,-23.1203,-134.9692,79.03,73,3,14.36,PF,2021-01-22 00:57:49,clear sky
20,Avera,33.194,-82.5271,57.2,96,90,6.91,US,2021-01-22 01:00:07,mist
21,Mahebourg,-20.4081,57.7,77.0,88,40,2.3,MU,2021-01-22 00:55:08,scattered clouds
22,Albany,42.6001,-73.9662,33.01,56,26,5.95,US,2021-01-22 00:57:07,scattered clouds
23,Mar Del Plata,-38.0023,-57.5575,73.0,88,0,5.75,AR,2021-01-22 00:54:43,clear sky
24,Kodiak,57.79,-152.4072,42.8,81,90,14.97,US,2021-01-22 00:53:02,moderate rain
25,Indi,17.1667,75.9667,67.57,48,0,5.93,IN,2021-01-22 00:57:50,clear sky
26,Thompson,55.7435,-97.8558,-9.4,77,90,3.44,CA,2021-01-22 01:00:09,light snow
27,Karang Tengah,-7.5787,111.8642,80.15,79,100,2.26,ID,2021-01-22 01:00:09,overcast clouds
28,Punta Arenas,-53.15,-70.9167,51.8,58,0,23.02,CL,2021-01-22 01:00:10,clear sky
29,Avarua,-21.2078,-159.775,86.0,70,33,8.05,CK,2021-01-22 00:55:42,scattered clouds
30,Kaitangata,-46.2817,169.8464,64.99,55,32,15.01,NZ,2021-01-22 01:00:11,scattered clouds
31,Longyearbyen,78.2186,15.6401,12.2,62,0,12.66,SJ,2021-01-22 01:00:11,clear sky
32,Atuona,-9.8,-139.0333,78.62,76,80,14.16,PF,2021-01-22 01:00:11,broken clouds
33,Sangar,63.9242,127.4739,-42.54,80,100,0.83,RU,2021-01-22 01:00:12,overcast clouds
34,Qaanaaq,77.484,-69.3632,10.96,92,91,2.77,GL,2021-01-22 01:00:12,overcast clouds
35,Andenes,69.3143,16.1194,21.2,63,90,46.04,NO,2021-01-22 01:00:13,overcast clouds
36,Jamestown,42.097,-79.2353,35.01,75,90,11.5,US,2021-01-22 00:59:16,light rain
37,Cape Town,-33.9258,18.4232,66.2,77,0,2.3,ZA,2021-01-22 00:58:41,clear sky
38,Clyde River,70.4692,-68.5914,-2.2,92,1,2.3,CA,2021-01-22 01:00:14,clear sky
39,Mataura,-46.1927,168.8643,61.0,79,94,15.01,NZ,2021-01-22 01:00:14,overcast clouds
40,Katsuura,35.1333,140.3,51.01,49,0,2.3,JP,2021-01-22 01:00:14,clear sky
41,Port Hardy,50.6996,-127.4199,41.0,81,40,3.44,CA,2021-01-22 01:00:15,scattered clouds
42,Hermanus,-34.4187,19.2345,69.01,74,0,9.8,ZA,2021-01-22 01:00:15,clear sky
43,Torbay,47.6666,-52.7314,30.99,100,90,26.46,CA,2021-01-22 01:00:15,snow
44,Port Blair,11.6667,92.75,74.73,67,0,7.29,IN,2021-01-22 01:00:16,clear sky
45,Kailua,21.4022,-157.7394,82.4,61,75,9.22,US,2021-01-22 01:00:16,broken clouds
46,Bambous Virieux,-20.3428,57.7575,77.0,88,40,2.3,MU,2021-01-22 01:00:17,scattered clouds
47,Dolzhanskaya,46.6311,37.8039,41.67,89,70,20.31,RU,2021-01-22 01:00:17,broken clouds
48,Piacabucu,-10.4056,-36.4344,77.13,79,100,9.19,BR,2021-01-22 01:00:18,overcast clouds
49,Biu,10.6129,12.1946,59.86,32,96,10.49,NG,2021-01-22 01:00:18,overcast clouds
50,Chokurdakh,70.6333,147.9167,-41.19,81,52,6.29,RU,2021-01-22 01:00:18,broken clouds
51,Barrow,71.2906,-156.7887,-0.4,78,90,27.63,US,2021-01-22 01:00:02,snow
52,Faanui,-16.4833,-151.75,81.5,74,5,17.25,PF,2021-01-22 01:00:19,clear sky
53,Ridgecrest,35.6225,-117.6709,66.2,24,20,4.61,US,2021-01-22 00:59:04,few clouds
54,Nikolskoye,59.7035,30.7861,16.0,86,90,11.18,RU,2021-01-22 01:00:19,light snow
55,Elko,41.0002,-115.5012,46.4,36,20,5.75,US,2021-01-22 00:56:25,few clouds
56,Saint-Philippe,-21.3585,55.7679,80.6,74,20,3.44,RE,2021-01-22 01:00:20,few clouds
57,Yar-Sale,66.8333,70.8333,-36.06,83,100,7.92,RU,2021-01-22 01:00:20,overcast clouds
58,Kapaa,22.0752,-159.319,78.8,73,20,16.11,US,2021-01-22 01:00:21,light rain
59,Saint Anthony,45.0205,-93.218,19.4,53,1,16.11,US,2021-01-22 01:00:21,clear sky
60,New Norfolk,-42.7826,147.0587,73.0,46,95,7.0,AU,2021-01-22 01:00:21,overcast clouds
61,Hithadhoo,-0.6,73.0833,81.91,73,75,8.84,MV,2021-01-22 01:00:21,broken clouds
62,Fort Morgan,40.2503,-103.8,33.8,44,75,5.75,US,2021-01-22 01:00:22,broken clouds
63,Provideniya,64.3833,-173.3,26.6,93,90,22.37,RU,2021-01-22 01:00:22,snow
64,Banda Aceh,5.5577,95.3222,76.77,76,79,5.57,ID,2021-01-22 01:00:23,broken clouds
65,Hobart,-42.8794,147.3294,73.0,35,75,21.85,AU,2021-01-22 00:56:08,broken clouds
66,Fortuna,40.5982,-124.1573,55.0,87,40,6.91,US,2021-01-22 01:00:23,scattered clouds
67,Matara,5.9485,80.5353,74.19,90,83,7.81,LK,2021-01-22 01:00:23,broken clouds
68,Moron,-34.6534,-58.6198,80.01,74,0,4.0,AR,2021-01-22 01:00:23,clear sky
69,Gerash,27.6652,54.1371,44.6,61,0,6.91,IR,2021-01-22 01:00:24,clear sky
70,Cayenne,4.9333,-52.3333,73.4,100,75,5.75,GF,2021-01-22 00:57:01,broken clouds
71,Burhaniye,39.5004,26.9727,41.0,87,75,2.3,TR,2021-01-22 01:00:24,broken clouds
72,Harper,4.375,-7.7169,78.17,86,32,8.32,LR,2021-01-22 01:00:24,scattered clouds
73,Castro,-24.7911,-50.0119,64.27,98,100,5.91,BR,2021-01-22 00:58:16,overcast clouds
74,Nome,64.5011,-165.4064,30.2,80,40,12.66,US,2021-01-22 01:00:24,scattered clouds
75,Saldanha,-33.0117,17.9442,71.6,64,0,2.3,ZA,2021-01-22 01:00:25,clear sky
76,Ushuaia,-54.8,-68.3,53.6,54,40,4.61,AR,2021-01-22 00:58:34,scattered clouds
77,Inta,66.0317,60.1659,-16.85,83,81,7.11,RU,2021-01-22 01:00:26,broken clouds
78,Mahajanga,-15.7167,46.3167,77.0,100,40,1.14,MG,2021-01-22 01:00:26,light rain
79,Aykhal,66.0,111.5,-52.94,70,58,3.87,RU,2021-01-22 01:00:27,broken clouds
80,Ulaanbaatar,47.9077,106.8832,-11.2,77,0,4.97,MN,2021-01-22 01:00:27,clear sky
81,Arica,-18.475,-70.3042,68.0,77,0,5.75,CL,2021-01-22 00:58:08,clear sky
82,Vaini,-21.2,-175.2,82.4,89,75,13.8,TO,2021-01-22 01:00:28,light rain
83,Whitecourt,54.1502,-115.6855,26.6,68,90,9.22,CA,2021-01-22 01:00:28,overcast clouds
84,Bontang,0.1333,117.5,81.97,78,99,1.28,ID,2021-01-22 00:57:56,overcast clouds
85,Kaifeng,34.7911,114.3483,30.2,86,100,4.47,CN,2021-01-22 01:00:28,mist
86,Kostroma,57.7708,40.9344,8.6,85,90,6.71,RU,2021-01-22 01:00:29,snow
87,Cabo San Lucas,22.8909,-109.9124,73.0,83,75,3.44,MX,2021-01-22 01:00:29,broken clouds
88,Cherskiy,68.75,161.3,-40.25,81,5,1.7,RU,2021-01-22 01:00:29,clear sky
89,Lompoc,34.6391,-120.4579,60.8,63,0,12.66,US,2021-01-22 01:00:29,clear sky
90,Hamilton,39.1834,-84.5333,44.6,36,20,6.91,US,2021-01-22 01:00:30,few clouds
91,Conde,-7.2597,-34.9075,77.0,88,20,6.91,BR,2021-01-22 01:00:30,few clouds
92,Soure,-0.7167,-48.5233,79.18,84,100,12.66,BR,2021-01-22 01:00:30,very heavy rain
93,Hurghada,27.2574,33.8129,55.4,44,0,11.5,EG,2021-01-22 01:00:30,clear sky
94,Esperance,-33.8667,121.9,69.8,68,0,11.5,AU,2021-01-22 01:00:31,clear sky
95,Mount Isa,-20.7333,139.5,89.6,51,75,8.05,AU,2021-01-22 01:00:31,broken clouds
96,Hilo,19.7297,-155.09,73.4,78,90,9.22,US,2021-01-22 00:57:41,moderate rain
97,Kruisfontein,-34.0033,24.7314,68.0,93,100,3.13,ZA,2021-01-22 01:00:31,overcast clouds
98,Oxford,51.7522,-1.256,35.6,93,0,4.61,GB,2021-01-22 01:00:31,clear sky
99,Vadlapudi,14.3167,79.8,71.67,95,40,5.37,IN,2021-01-22 01:00:32,scattered clouds
100,Puerto Ayora,-0.7393,-90.3518,77.0,90,99,3.0,EC,2021-01-22 01:00:32,overcast clouds
101,Fort Nelson,58.8053,-122.7002,19.4,86,75,2.3,CA,2021-01-22 01:00:07,broken clouds
102,Ponta Do Sol,32.6667,-17.1,61.0,85,87,3.0,PT,2021-01-22 01:00:32,overcast clouds
103,Yangambi,0.8102,24.4336,71.4,73,42,1.3,CD,2021-01-22 01:00:33,scattered clouds
104,East London,-33.0153,27.9116,72.41,83,0,15.46,ZA,2021-01-22 01:00:33,clear sky
105,Bluff,-46.6,168.3333,61.0,79,100,15.01,NZ,2021-01-22 01:00:33,overcast clouds
106,Egvekinot,66.3167,-179.1667,-11.6,92,100,18.41,RU,2021-01-22 01:00:33,light snow
107,Fukue,32.6881,128.8419,60.8,94,75,3.44,JP,2021-01-22 01:00:33,broken clouds
108,Guerrero Negro,27.9769,-114.0611,63.41,59,0,7.81,MX,2021-01-22 01:00:34,clear sky
109,Homer,59.6425,-151.5483,42.8,70,40,6.91,US,2021-01-22 00:55:54,light rain
110,Groningen,53.25,6.75,41.0,93,90,6.91,NL,2021-01-22 01:00:34,light rain
111,Washougal,45.5826,-122.3534,46.0,70,1,21.85,US,2021-01-22 01:00:34,clear sky
112,Scarborough,54.2797,-0.4044,37.0,78,0,5.01,GB,2021-01-22 01:00:35,clear sky
113,Ixtapa,20.7,-105.2,77.0,65,1,6.91,MX,2021-01-22 01:00:14,clear sky
114,Meulaboh,4.1363,96.1285,76.44,87,26,5.06,ID,2021-01-22 01:00:35,scattered clouds
115,Lebu,-37.6167,-73.65,61.72,79,0,19.01,CL,2021-01-22 01:00:35,clear sky
116,Bichena,10.45,38.2,54.25,45,100,2.64,ET,2021-01-22 01:00:35,overcast clouds
117,Pomorie,42.5588,27.6439,39.2,81,0,10.36,BG,2021-01-22 01:00:36,clear sky
118,Sitka,57.0531,-135.33,39.2,87,90,10.36,US,2021-01-22 01:00:36,overcast clouds
119,Severo-Kurilsk,50.6789,156.125,21.13,91,63,3.36,RU,2021-01-22 01:00:36,broken clouds
120,Aketi,2.7388,23.7833,69.21,52,18,1.95,CD,2021-01-22 01:00:37,few clouds
121,Saskylakh,71.9167,114.0833,-19.01,86,100,10.67,RU,2021-01-22 01:00:37,overcast clouds
122,Margate,51.3813,1.3862,37.99,84,80,1.01,GB,2021-01-22 01:00:37,broken clouds
123,Yellowknife,62.456,-114.3525,-14.8,76,75,4.61,CA,2021-01-22 01:00:37,light snow
124,Nanortalik,60.1432,-45.2371,23.43,88,0,5.35,GL,2021-01-22 01:00:38,clear sky
125,Geraldton,-28.7667,114.6,82.4,51,0,3.44,AU,2021-01-22 01:00:38,clear sky
126,Bandarbeyla,9.4942,50.8122,73.2,81,35,15.46,SO,2021-01-22 01:00:39,scattered clouds
127,Jacareacanga,-6.2222,-57.7528,70.09,97,100,1.7,BR,2021-01-22 01:00:39,overcast clouds
128,Yumen,40.2833,97.2,20.23,74,0,3.36,CN,2021-01-22 01:00:39,clear sky
129,Sola,-13.8833,167.55,82.4,83,75,14.72,VU,2021-01-22 01:00:39,broken clouds
130,Pangnirtung,66.1451,-65.7125,24.78,80,100,6.78,CA,2021-01-22 01:00:39,overcast clouds
131,Varhaug,58.6147,5.6457,41.0,93,75,24.16,NO,2021-01-22 01:00:40,broken clouds
132,Kasama,-10.2129,31.1808,61.95,100,100,2.86,ZM,2021-01-22 01:00:40,moderate rain
133,Tuktoyaktuk,69.4541,-133.0374,-7.6,84,75,11.5,CA,2021-01-22 01:00:40,broken clouds
134,Otoka,44.96,16.1792,45.63,82,11,8.16,BA,2021-01-22 01:00:41,few clouds
135,Rognan,67.0953,15.3878,19.99,58,75,47.18,NO,2021-01-22 01:00:41,light snow
136,Sao Felix Do Xingu,-6.6447,-51.995,72.93,92,100,1.7,BR,2021-01-22 01:00:41,moderate rain
137,Coahuayana,18.7333,-103.6833,84.2,51,40,9.22,MX,2021-01-22 01:00:41,scattered clouds
138,Sorland,67.667,12.6934,24.51,93,100,37.13,NO,2021-01-22 01:00:42,overcast clouds
139,Guayaramerin,-10.8368,-65.3614,74.03,95,100,2.15,BO,2021-01-22 01:00:42,overcast clouds
140,Mildura,-34.2,142.15,88.0,15,55,4.61,AU,2021-01-22 01:00:42,broken clouds
141,Coihaique,-45.5752,-72.0662,64.4,52,75,11.5,CL,2021-01-22 01:00:42,broken clouds
142,Kisanga,-7.4362,37.7034,74.05,90,100,1.7,TZ,2021-01-22 01:00:43,overcast clouds
143,Miandrivazo,-19.5167,45.4667,79.14,72,100,4.09,MG,2021-01-22 01:00:43,overcast clouds
144,Yulara,-25.2406,130.9889,96.8,7,1,17.27,AU,2021-01-22 01:00:43,clear sky
145,Nuuk,64.1835,-51.7216,24.8,86,0,4.61,GL,2021-01-22 00:57:31,clear sky
146,Mafinga,-7.25,35.0667,66.34,96,100,5.79,TZ,2021-01-22 01:00:44,light rain
147,Pisco,-13.7,-76.2167,71.6,78,0,19.57,PE,2021-01-22 01:00:44,clear sky
148,Laredo,27.5064,-99.5075,62.6,77,90,4.61,US,2021-01-22 00:57:45,overcast clouds
149,Birjand,32.8663,59.2211,23.0,54,0,8.77,IR,2021-01-22 01:00:45,clear sky
150,Yantai,37.5333,121.4,35.73,84,100,10.25,CN,2021-01-22 01:00:45,overcast clouds
151,Bull Savanna,17.8868,-77.5902,72.64,81,2,7.38,JM,2021-01-22 01:00:45,clear sky
152,Berlevag,70.8578,29.0864,22.3,93,100,23.73,NO,2021-01-22 01:00:45,light snow
153,Rassvet,46.8333,40.75,35.42,95,100,15.93,RU,2021-01-22 01:00:46,overcast clouds
154,Vila Velha,-20.3297,-40.2925,77.0,83,40,2.3,BR,2021-01-22 01:00:46,light rain
155,Rocha,-34.4833,-54.3333,65.12,91,0,7.07,UY,2021-01-22 01:00:46,clear sky
156,San Quintin,30.4833,-115.95,60.42,76,16,3.67,MX,2021-01-22 01:00:46,few clouds
157,San Cristobal,7.7669,-72.225,67.21,83,64,0.67,VE,2021-01-22 01:00:45,light rain
158,Dikson,73.5069,80.5464,-26.36,82,3,4.63,RU,2021-01-22 01:00:47,clear sky
159,Victoria,22.2855,114.1577,68.0,84,97,1.81,HK,2021-01-22 00:59:35,overcast clouds
160,Manokwari,-0.8667,134.0833,82.72,69,100,3.2,ID,2021-01-22 01:00:47,overcast clouds
161,Atar,20.5169,-13.0499,63.1,24,62,10.83,MR,2021-01-22 01:00:48,broken clouds
162,Bekhtery,46.251,32.2927,43.0,92,7,13.76,UA,2021-01-22 01:00:48,clear sky
163,Luderitz,-26.6481,15.1594,69.89,64,9,15.52,NA,2021-01-22 01:00:48,clear sky
164,Derzhavinsk,51.1,66.3167,-12.06,89,67,9.13,KZ,2021-01-22 01:00:48,broken clouds
165,Cidreira,-30.1811,-50.2056,73.98,86,100,17.25,BR,2021-01-22 01:00:49,overcast clouds
166,Zaragoza,41.6561,-0.8773,54.0,76,75,8.05,ES,2021-01-22 00:56:00,broken clouds
167,Georgetown,5.4112,100.3354,79.0,83,20,5.91,MY,2021-01-22 01:00:49,few clouds
168,Brownwood,31.7093,-98.9912,51.8,100,75,3.44,US,2021-01-22 01:00:49,moderate rain
169,Kurmanayevka,52.5093,52.0675,11.14,95,100,12.46,RU,2021-01-22 01:00:49,light snow
170,Vestmannaeyjar,63.4427,-20.2734,29.71,89,65,24.05,IS,2021-01-22 01:00:50,broken clouds
171,Pinotepa De Don Luis,16.4167,-97.9167,71.85,77,0,0.6,MX,2021-01-22 01:00:50,clear sky
172,Chuy,-33.6971,-53.4616,68.14,82,0,9.15,UY,2021-01-22 01:00:51,clear sky
173,Vila Franca Do Campo,37.7167,-25.4333,55.99,82,20,3.44,PT,2021-01-22 01:00:51,few clouds
174,Niquero,20.0431,-77.5828,75.15,79,37,19.26,CU,2021-01-22 01:00:51,scattered clouds
175,Tuatapere,-46.1333,167.6833,61.0,79,41,15.01,NZ,2021-01-22 01:00:51,scattered clouds
176,Sambava,-14.2667,50.1667,78.35,86,100,1.83,MG,2021-01-22 01:00:52,light rain
177,Quesnel,52.9999,-122.5029,23.0,68,1,0.51,CA,2021-01-22 01:00:06,clear sky
178,Husavik,66.0449,-17.3389,26.6,93,90,17.27,IS,2021-01-22 01:00:52,light snow
179,Cabra,37.4725,-4.4421,54.0,79,93,3.0,ES,2021-01-22 01:00:52,overcast clouds
180,San Patricio,28.017,-97.5169,64.4,100,90,2.86,US,2021-01-22 01:00:53,light intensity drizzle
181,Fort-Shevchenko,44.5086,50.263,28.44,87,100,9.1,KZ,2021-01-22 01:00:53,overcast clouds
182,San Benito,36.6166,-121.0844,61.0,20,100,3.18,US,2021-01-22 01:00:53,overcast clouds
183,Klaksvik,62.2266,-6.589,35.6,75,75,25.32,FO,2021-01-22 01:00:53,light snow
184,Lagoa,39.05,-27.9833,58.48,70,100,9.44,PT,2021-01-22 01:00:53,overcast clouds
185,Nortelandia,-14.4547,-56.8028,73.85,89,100,3.58,BR,2021-01-22 01:00:53,moderate rain
186,Rock Sound,24.9,-76.2,71.6,60,17,6.49,BS,2021-01-22 01:00:54,few clouds
187,Dakar,14.6937,-17.4441,66.2,77,79,9.22,SN,2021-01-22 01:00:54,broken clouds
188,Lokosovo,61.1333,74.8167,-14.78,89,100,7.7,RU,2021-01-22 01:00:54,overcast clouds
189,Kavieng,-2.5744,150.7967,83.86,63,94,7.2,PG,2021-01-22 01:00:54,overcast clouds
190,Mecca,21.4267,39.8261,71.6,30,0,10.27,SA,2021-01-22 01:00:55,clear sky
191,Hofn,64.2539,-15.2082,28.51,89,0,24.16,IS,2021-01-22 01:00:55,clear sky
192,Neyshabur,36.2133,58.7958,26.74,80,13,7.54,IR,2021-01-22 01:00:55,few clouds
193,Athabasca,54.7169,-113.2854,24.8,79,17,4.61,CA,2021-01-22 01:00:56,few clouds
194,Port Lincoln,-34.7333,135.8667,74.75,39,0,7.36,AU,2021-01-22 01:00:56,clear sky
195,Olden,61.8364,6.8064,37.0,69,51,3.0,NO,2021-01-22 01:00:56,broken clouds
196,Ahipara,-35.1667,173.1667,67.1,57,24,10.56,NZ,2021-01-22 01:00:56,few clouds
197,Bonthe,7.5264,-12.505,77.49,87,0,3.69,SL,2021-01-22 01:00:57,clear sky
198,Businga,3.3333,20.8833,70.18,42,100,1.41,CD,2021-01-22 01:00:57,overcast clouds
199,Trincomalee,8.5711,81.2335,79.09,82,99,9.15,LK,2021-01-22 01:00:57,light rain
200,Bethel,41.3712,-73.414,32.0,80,1,3.13,US,2021-01-22 00:59:00,clear sky
201,Tasiilaq,65.6145,-37.6368,12.2,73,20,2.3,GL,2021-01-22 01:00:57,few clouds
202,Ornskoldsvik,63.2909,18.7153,24.8,100,90,6.91,SE,2021-01-22 01:00:58,light snow
203,Nouadhibou,20.931,-17.0347,64.4,59,100,14.97,MR,2021-01-22 01:00:58,overcast clouds
204,Banapur,19.7833,85.1833,66.42,89,0,4.63,IN,2021-01-22 01:00:58,clear sky
205,Macaubas,-13.0194,-42.6986,73.26,59,77,5.06,BR,2021-01-22 01:00:58,broken clouds
206,Ostrovnoy,68.0531,39.5131,1.96,91,99,8.46,RU,2021-01-22 01:00:59,overcast clouds
207,Aklavik,68.2191,-135.0107,-11.2,84,90,2.3,CA,2021-01-22 01:00:45,overcast clouds
208,Upernavik,72.7868,-56.1549,26.08,98,100,11.03,GL,2021-01-22 01:00:59,overcast clouds
209,Moose Factory,51.2585,-80.6094,10.4,85,90,6.91,CA,2021-01-22 01:01:00,light snow
210,Sergeyevka,53.88,67.4158,-14.22,89,48,8.25,KZ,2021-01-22 01:01:00,scattered clouds
211,Kikwit,-5.041,18.8162,72.12,92,100,1.97,CD,2021-01-22 01:01:01,overcast clouds
212,Dasoguz,41.8363,59.9666,8.6,92,90,9.22,TM,2021-01-22 01:01:01,overcast clouds
213,Khilok,51.3674,110.4676,0.61,87,77,2.57,RU,2021-01-22 01:01:01,broken clouds
214,Krutinka,56.0055,71.5113,-17.91,88,54,9.22,RU,2021-01-22 01:01:02,broken clouds
215,Itarema,-2.9248,-39.9167,78.75,81,100,11.01,BR,2021-01-22 01:01:02,overcast clouds
216,Alexandria,31.2156,29.9553,53.6,71,40,2.3,EG,2021-01-22 00:59:17,scattered clouds
217,Woodward,36.4337,-99.3904,48.2,46,1,8.05,US,2021-01-22 01:01:02,clear sky
218,Isangel,-19.55,169.2667,78.8,89,75,11.79,VU,2021-01-22 01:01:03,broken clouds
219,Asyut,27.181,31.1837,42.8,81,0,5.75,EG,2021-01-22 01:01:03,clear sky
220,Khatanga,71.9667,102.5,-35.79,83,60,3.31,RU,2021-01-22 01:01:03,broken clouds
221,Miri,4.4148,114.0089,75.2,100,40,1.14,MY,2021-01-22 01:01:04,scattered clouds
222,Saint-Pierre,-21.3393,55.4781,80.6,74,20,3.44,RE,2021-01-22 01:01:04,moderate rain
223,Karatau,43.1667,70.4667,23.27,96,100,18.9,KZ,2021-01-22 01:01:04,snow
224,Constitucion,-35.3333,-72.4167,58.01,90,9,2.59,CL,2021-01-22 01:01:04,clear sky
225,Sakakah,29.9697,40.2064,37.4,38,0,6.06,SA,2021-01-22 01:01:05,clear sky
226,Lujan,-34.5703,-59.105,79.0,76,0,1.01,AR,2021-01-22 01:00:20,clear sky
227,Erzin,36.9559,36.2,33.8,100,0,2.3,TR,2021-01-22 01:01:05,clear sky
228,Anadyr,64.75,177.4833,3.2,78,75,6.71,RU,2021-01-22 01:01:05,light snow
229,Ola,59.5833,151.2833,-5.62,76,87,5.79,RU,2021-01-22 01:01:06,overcast clouds
230,Krasnoselkup,65.7,82.4667,-43.69,79,37,9.6,RU,2021-01-22 01:01:06,scattered clouds
231,Ust-Omchug,61.15,149.6333,-24.39,66,0,3.49,RU,2021-01-22 01:01:06,clear sky
232,Pevek,69.7008,170.3133,-18.9,86,100,2.26,RU,2021-01-22 01:01:06,overcast clouds
233,Carnarvon,-24.8667,113.6333,80.6,83,75,13.8,AU,2021-01-22 01:01:06,broken clouds
234,Waitati,-45.75,170.5667,62.49,54,98,3.42,NZ,2021-01-22 00:57:38,overcast clouds
235,Concarneau,47.875,-3.9225,41.0,100,90,4.25,FR,2021-01-22 00:58:18,mist
236,Batagay-Alyta,67.8006,130.4114,-25.91,84,100,1.79,RU,2021-01-22 01:01:07,overcast clouds
237,Tuyen Quang,21.8233,105.2181,65.23,71,82,1.12,VN,2021-01-22 01:01:07,broken clouds
238,Padre Bernardo,-15.35,-48.5,69.75,75,0,4.0,BR,2021-01-22 01:01:07,clear sky
239,Kulhudhuffushi,6.6221,73.07,82.08,70,52,4.05,MV,2021-01-22 01:01:07,broken clouds
240,Dwarka,22.2394,68.9678,66.87,85,0,7.27,IN,2021-01-22 01:01:08,clear sky
241,Srednekolymsk,67.45,153.6833,-41.21,81,23,3.15,RU,2021-01-22 01:01:08,few clouds
242,Salalah,17.0151,54.0924,68.0,64,0,2.3,OM,2021-01-22 01:01:08,clear sky
243,Wasilla,61.5814,-149.4394,37.4,60,75,12.66,US,2021-01-22 01:01:08,broken clouds
244,San Isidro,-12.1167,-77.05,71.6,78,0,13.8,PE,2021-01-22 01:01:08,clear sky
245,Papara,-3.9839,-38.7273,81.0,83,40,8.05,BR,2021-01-22 01:01:09,scattered clouds
246,Bahia De Caraquez,-0.6,-80.4167,80.6,78,75,3.44,EC,2021-01-22 01:01:09,broken clouds
247,Brae,60.3964,-1.353,41.0,81,75,20.71,GB,2021-01-22 01:01:09,broken clouds
248,Tual,-5.6667,132.75,83.84,72,71,3.49,ID,2021-01-22 01:01:09,broken clouds
249,Porto Novo,6.4965,2.6036,80.6,89,20,5.75,BJ,2021-01-22 01:01:10,few clouds
250,Qaqortoq,60.7167,-46.0333,24.8,50,0,2.91,GL,2021-01-22 01:01:10,clear sky
251,Beaufort,5.3473,115.7455,77.0,94,20,2.37,MY,2021-01-22 01:01:10,few clouds
252,Iquique,-20.2208,-70.1431,69.8,68,0,20.71,CL,2021-01-22 00:58:27,clear sky
253,Ovalle,-30.5983,-71.2003,63.39,65,18,1.97,CL,2021-01-22 01:01:11,few clouds
254,Doha,25.2867,51.5333,59.0,58,0,12.66,QA,2021-01-22 01:00:19,clear sky
255,Havoysund,70.9963,24.6622,14.0,67,0,17.27,NO,2021-01-22 01:01:11,clear sky
256,Suicheng,33.8963,117.9331,45.03,77,100,5.77,CN,2021-01-22 01:01:11,light rain
257,Kununurra,-15.7667,128.7333,75.2,100,90,13.8,AU,2021-01-22 01:01:11,moderate rain
258,Green River,41.5286,-109.4662,30.2,80,90,4.0,US,2021-01-22 01:01:11,overcast clouds
259,Igarka,67.4667,86.5833,-42.7,75,0,6.04,RU,2021-01-22 01:01:12,clear sky
260,Bairiki,1.3292,172.9752,75.2,100,90,8.05,KI,2021-01-22 01:01:12,light rain
261,Puerto Escondido,15.85,-97.0667,80.6,74,20,3.13,MX,2021-01-22 01:01:12,few clouds
262,Butaritari,3.0707,172.7902,79.97,80,39,13.2,KI,2021-01-22 01:01:13,moderate rain
263,Gualaceo,-2.9,-78.7833,60.8,72,67,4.61,EC,2021-01-22 01:01:13,broken clouds
264,Cockburn Town,21.4612,-71.1419,75.2,78,40,9.22,TC,2021-01-22 00:56:59,scattered clouds
265,Shuyskoye,59.3736,41.0305,-6.86,90,100,4.38,RU,2021-01-22 01:01:13,light snow
266,Mangaluru,12.8667,74.8833,75.2,88,0,4.61,IN,2021-01-22 00:59:04,mist
267,Aswan,24.0934,32.907,50.74,74,0,12.12,EG,2021-01-22 01:01:14,clear sky
268,Porto Belo,-27.1578,-48.5531,71.6,94,75,9.69,BR,2021-01-22 01:01:14,broken clouds
269,Praia Da Vitoria,38.7333,-27.0667,62.6,88,20,5.01,PT,2021-01-22 01:01:14,few clouds
270,Abu Kamal,34.4506,40.9171,38.77,68,17,6.15,SY,2021-01-22 01:01:14,few clouds
271,Santiago,-33.4569,-70.6483,69.8,64,0,11.5,CL,2021-01-22 00:57:20,clear sky
272,Qasigiannguit,68.8193,-51.1922,19.4,49,20,3.44,GL,2021-01-22 01:01:14,few clouds
273,Flinders,-34.5833,150.8552,88.0,37,0,6.91,AU,2021-01-22 00:58:55,clear sky
274,Bredasdorp,-34.5322,20.0403,69.8,88,41,6.91,ZA,2021-01-22 01:01:15,scattered clouds
275,Viransehir,37.2353,39.7631,33.42,75,99,4.72,TR,2021-01-22 01:01:15,overcast clouds
276,Kalangala,-0.3089,32.225,71.87,72,54,2.53,UG,2021-01-22 01:01:15,light rain
277,Mayenne,48.3333,-0.6667,41.0,93,0,4.85,FR,2021-01-22 01:01:15,light rain
278,Kieta,-6.2167,155.6333,85.64,56,87,9.06,PG,2021-01-22 01:01:16,overcast clouds
279,Sembakung,3.8167,117.25,79.07,87,99,1.57,ID,2021-01-22 01:01:16,overcast clouds
280,Pyay,18.8167,95.2167,64.35,78,7,4.41,MM,2021-01-22 01:01:16,clear sky
281,Mitsamiouli,-11.3847,43.2844,82.76,78,87,14.99,KM,2021-01-22 01:01:16,overcast clouds
282,Ketchikan,55.3422,-131.6461,35.6,80,40,9.22,US,2021-01-22 01:01:16,scattered clouds
283,Nishihara,26.1842,127.7558,68.0,94,75,14.97,JP,2021-01-22 01:01:16,broken clouds
284,Xinan,26.72,119.8556,62.33,80,41,4.05,CN,2021-01-22 01:01:17,scattered clouds
285,Yining,29.0361,114.5636,52.16,86,97,1.5,CN,2021-01-22 01:01:17,overcast clouds
286,Peniche,39.3558,-9.3811,59.0,84,98,21.0,PT,2021-01-22 01:01:17,overcast clouds
287,Azul,-36.777,-59.8585,80.01,51,0,5.99,AR,2021-01-22 00:58:14,clear sky
288,Narsaq,60.9167,-46.05,24.8,50,0,3.89,GL,2021-01-22 01:01:17,clear sky
289,Los Llanos De Aridane,28.6585,-17.9182,68.0,77,90,10.36,ES,2021-01-22 01:01:18,overcast clouds
290,Pregradnaya,43.9508,41.1994,20.03,85,0,5.99,RU,2021-01-22 01:01:18,clear sky
291,Sao Jose Do Calcado,-21.0253,-41.6544,68.14,93,18,2.57,BR,2021-01-22 01:01:18,few clouds
292,Grindavik,63.8424,-22.4338,28.4,80,75,25.32,IS,2021-01-22 01:01:18,broken clouds
293,Tiksi,71.6872,128.8694,-32.3,83,100,18.79,RU,2021-01-22 01:00:40,overcast clouds
294,Bathsheba,13.2167,-59.5167,77.0,83,20,9.22,BB,2021-01-22 01:01:08,few clouds
295,Sept-Iles,50.2001,-66.3821,10.4,61,100,8.05,CA,2021-01-22 01:01:19,overcast clouds
296,Imbituba,-28.24,-48.6703,71.6,94,75,4.61,BR,2021-01-22 01:01:19,moderate rain
297,Tashigang,27.3331,91.5542,43.52,60,0,5.28,BT,2021-01-22 01:01:20,clear sky
298,Kuching,1.55,110.3333,78.8,89,20,4.61,MY,2021-01-22 01:01:20,few clouds
299,Havre-Saint-Pierre,50.2334,-63.5986,-2.2,84,1,6.91,CA,2021-01-22 01:01:20,clear sky
300,Huarmey,-10.0681,-78.1522,70.54,82,100,8.88,PE,2021-01-22 01:01:20,overcast clouds
301,Bengkulu,-3.8004,102.2655,77.4,80,96,4.41,ID,2021-01-22 01:00:58,overcast clouds
302,Teknaf,20.8624,92.3058,63.75,81,0,4.32,BD,2021-01-22 01:01:21,clear sky
303,Airai,-8.9266,125.4092,71.62,82,43,3.02,TL,2021-01-22 01:01:21,scattered clouds
304,Olafsvik,64.8945,-23.7142,28.83,90,25,25.48,IS,2021-01-22 01:01:21,scattered clouds
305,Ajdabiya,30.7554,20.2263,50.0,51,100,10.33,LY,2021-01-22 01:01:21,overcast clouds
306,Shahr-E Kord,32.3256,50.8644,12.2,79,0,2.3,IR,2021-01-22 01:01:21,clear sky
307,Naron,43.5167,-8.1528,52.0,87,40,16.11,ES,2021-01-22 01:01:22,scattered clouds
308,Chegdomyn,51.1167,133.0167,-19.71,84,43,0.27,RU,2021-01-22 01:01:22,scattered clouds
309,Coracora,-15.0333,-73.7833,50.38,78,100,1.97,PE,2021-01-22 01:01:22,light rain
310,Soyo,-6.1349,12.3689,79.34,82,100,6.85,AO,2021-01-22 01:01:22,overcast clouds
311,Izumo,35.3667,132.7667,44.6,100,75,4.61,JP,2021-01-22 01:01:23,light rain
312,Kanigoro,-8.13,112.219,81.57,68,100,0.4,ID,2021-01-22 01:01:23,overcast clouds
313,Nouna,12.7333,-3.8667,67.96,22,0,8.79,BF,2021-01-22 01:01:23,clear sky
314,Sapa,5.1544,120.3241,81.88,74,87,2.01,PH,2021-01-22 01:01:23,overcast clouds
315,Vostok,46.4856,135.8833,-1.48,86,0,4.36,RU,2021-01-22 01:01:23,clear sky
316,Grand Gaube,-20.0064,57.6608,77.0,82,32,3.0,MU,2021-01-22 01:01:14,scattered clouds
317,Chifeng,42.2683,118.9636,9.88,86,0,2.13,CN,2021-01-22 01:01:24,clear sky
318,Rio Grande,-32.035,-52.0986,73.0,78,90,4.0,BR,2021-01-22 01:01:24,overcast clouds
319,Codrington,-38.2667,141.9667,69.21,52,100,10.63,AU,2021-01-22 01:01:24,overcast clouds
320,Akita,39.7167,140.1167,37.4,100,75,4.61,JP,2021-01-22 01:01:25,broken clouds
321,Westport,41.1415,-73.3579,35.6,51,1,6.4,US,2021-01-22 01:00:04,clear sky
322,Arraial Do Cabo,-22.9661,-42.0278,77.0,88,0,11.5,BR,2021-01-22 01:01:25,clear sky
323,Kamenka,51.3223,42.7678,24.4,98,100,9.08,RU,2021-01-22 01:01:25,snow
324,Sao Miguel Do Araguaia,-13.275,-50.1628,75.11,76,96,0.89,BR,2021-01-22 01:01:25,overcast clouds
325,Almeirim,-1.5233,-52.5817,73.87,93,93,3.47,BR,2021-01-22 01:01:26,light rain
326,Bembereke,10.2283,2.6634,67.75,23,7,6.91,BJ,2021-01-22 01:01:26,clear sky
327,Rudnichnyy,59.617,52.4703,-10.03,91,91,3.44,RU,2021-01-22 01:01:26,overcast clouds
328,Hasaki,35.7333,140.8333,46.0,60,20,5.75,JP,2021-01-22 01:01:26,few clouds
329,Baglung,28.2719,83.5898,46.94,66,16,3.15,NP,2021-01-22 01:01:26,few clouds
330,Rafai,4.95,23.9167,64.36,40,82,2.8,CF,2021-01-22 01:01:27,broken clouds
331,Moa,20.6569,-74.9403,74.16,85,100,11.56,CU,2021-01-22 01:01:27,overcast clouds
332,Preobrazheniye,42.9019,133.9064,27.45,81,14,4.32,RU,2021-01-22 01:01:27,few clouds
333,Eureka,40.8021,-124.1637,53.01,79,0,7.94,US,2021-01-22 00:57:11,clear sky
334,Morondava,-20.2833,44.2833,83.08,69,100,10.98,MG,2021-01-22 01:01:27,overcast clouds
335,Pozo Colorado,-23.4923,-58.7972,79.11,72,0,5.03,PY,2021-01-22 01:01:28,clear sky
336,Menomonie,44.8755,-91.9193,19.4,52,1,21.85,US,2021-01-22 01:01:28,clear sky
337,Coquimbo,-29.9533,-71.3436,62.6,77,40,13.8,CL,2021-01-22 01:00:39,scattered clouds
338,Daru,-9.0763,143.2092,83.32,75,91,5.44,PG,2021-01-22 01:01:28,overcast clouds
339,Gigmoto,13.7796,124.39,82.94,73,91,8.66,PH,2021-01-22 01:01:29,overcast clouds
340,Songea,-10.6833,35.65,64.49,100,100,3.33,TZ,2021-01-22 01:01:29,overcast clouds
341,Atambua,-9.1061,124.8925,79.93,76,75,3.67,ID,2021-01-22 01:01:29,broken clouds
342,Ancud,-41.8697,-73.8203,68.0,77,0,4.61,CL,2021-01-22 01:01:29,clear sky
343,Bonavista,48.6499,-53.1147,30.0,93,100,8.05,CA,2021-01-22 01:01:29,snow
344,Hay River,60.8156,-115.7999,-2.2,78,100,1.14,CA,2021-01-22 01:00:07,overcast clouds
345,Aden,12.7794,45.0367,75.11,69,93,11.25,YE,2021-01-22 01:01:30,overcast clouds
346,Kangaatsiaq,68.3065,-53.4641,15.48,83,100,6.33,GL,2021-01-22 01:01:30,overcast clouds
347,Noyabrsk,63.1994,75.4507,-30.96,83,99,15.39,RU,2021-01-22 01:01:30,overcast clouds
348,Souillac,-20.5167,57.5167,77.0,88,40,2.3,MU,2021-01-22 01:01:31,scattered clouds
349,Gat,31.61,34.7642,46.99,73,0,4.54,IL,2021-01-22 01:00:55,clear sky
350,Pemba,-12.974,40.5178,78.8,94,90,10.36,MZ,2021-01-22 01:01:31,light rain
351,La Tuque,47.4334,-72.7824,12.2,79,100,4.61,CA,2021-01-22 01:01:31,light snow
352,Westerland,54.9079,8.3033,42.01,87,90,19.57,DE,2021-01-22 01:01:31,overcast clouds
353,Oxapampa,-10.5775,-75.4017,58.77,90,60,1.21,PE,2021-01-22 01:01:32,light rain
354,Liverpool,53.4106,-2.9779,41.0,87,40,12.66,GB,2021-01-22 00:56:58,scattered clouds
355,Erenhot,43.6475,111.9767,7.45,89,0,5.7,CN,2021-01-22 01:01:33,clear sky
356,Hambantota,6.1241,81.1185,75.81,88,15,10.8,LK,2021-01-22 01:01:25,few clouds
357,Tautira,-17.7333,-149.15,86.0,58,75,5.75,PF,2021-01-22 01:01:33,light rain
358,Nabire,-3.3667,135.4833,85.86,66,99,3.78,ID,2021-01-22 01:01:33,overcast clouds
359,Mackenzie,55.2999,-123.1698,15.8,92,90,2.3,CA,2021-01-22 01:01:34,overcast clouds
360,Talnakh,69.4865,88.3972,-40.99,78,0,2.53,RU,2021-01-22 01:01:34,clear sky
361,Kamaishi,39.2667,141.8833,33.8,93,75,4.61,JP,2021-01-22 01:01:34,mist
362,Saposoa,-6.934,-76.7716,82.4,69,75,3.44,PE,2021-01-22 01:01:34,moderate rain
363,Tongzi,28.7829,105.0877,47.19,84,99,2.19,CN,2021-01-22 01:01:34,overcast clouds
364,Buluang,13.3068,123.3425,81.64,81,17,4.36,PH,2021-01-22 01:01:34,few clouds
365,Butembo,0.15,29.2833,59.07,83,43,2.8,CD,2021-01-22 01:01:35,scattered clouds
366,Pontianak,-0.0333,109.3333,79.99,80,97,1.99,ID,2021-01-22 01:01:35,overcast clouds
367,Maldonado,-34.6667,-54.9167,73.4,83,0,10.36,UY,2021-01-22 01:01:35,clear sky
368,Zarechnyy,53.2036,45.1923,15.01,58,100,5.12,RU,2021-01-22 01:01:35,overcast clouds
369,Quatre Cocos,-20.2078,57.7625,77.0,88,40,2.3,MU,2021-01-22 01:01:36,scattered clouds
370,Kronshtadt,59.9936,29.7736,16.0,86,90,11.18,RU,2021-01-22 01:01:36,light snow
371,Deputatskiy,69.3,139.9,-31.07,85,100,3.6,RU,2021-01-22 01:00:59,overcast clouds
372,The Valley,18.217,-63.0578,77.0,83,20,4.61,AI,2021-01-22 01:01:36,few clouds
373,Mughal Sarai,25.3,83.1167,50.0,100,90,4.81,IN,2021-01-22 01:01:37,fog
374,Lufilufi,-13.8745,-171.5986,87.8,79,75,8.05,WS,2021-01-22 01:01:37,moderate rain
375,Vanderhoof,54.0166,-124.0198,14.09,95,100,1.43,CA,2021-01-22 01:00:05,overcast clouds
376,Ribeira Grande,38.5167,-28.7,59.54,69,100,8.05,PT,2021-01-22 01:01:09,overcast clouds
377,Padang,-0.9492,100.3543,79.7,67,99,3.09,ID,2021-01-22 01:01:37,overcast clouds
378,Kolokani,13.5728,-8.0339,69.78,21,100,11.5,ML,2021-01-22 01:01:38,overcast clouds
379,Araouane,18.9048,-3.5265,62.98,23,20,12.93,ML,2021-01-22 01:01:38,few clouds
380,Corrente,-3.7367,-43.3394,73.22,97,100,2.42,BR,2021-01-22 01:01:38,overcast clouds
381,Sabla,12.7525,4.7077,66.83,23,0,14.47,NG,2021-01-22 01:01:38,clear sky
382,Sao Joao Da Barra,-21.6403,-41.0511,75.76,86,2,7.81,BR,2021-01-22 01:01:39,clear sky
383,Muros,42.7762,-9.0603,53.01,79,100,5.99,ES,2021-01-22 01:01:39,light rain
384,Joensuu,62.6012,29.7632,12.0,85,90,18.41,FI,2021-01-22 01:01:39,snow
385,Hualmay,-11.0964,-77.6139,70.86,80,68,9.91,PE,2021-01-22 01:01:39,broken clouds
386,Mpika,-11.8343,31.4529,61.68,98,100,5.59,ZM,2021-01-22 01:01:39,light rain
387,Haines Junction,60.7522,-137.5108,-4.0,84,0,0.51,CA,2021-01-22 01:01:39,clear sky
388,Tura,25.5198,90.2201,54.64,65,0,3.22,IN,2021-01-22 01:01:40,clear sky
389,Nelson Bay,-32.7167,152.15,87.01,54,20,9.22,AU,2021-01-22 01:01:40,few clouds
390,Alofi,-19.0595,-169.9187,86.0,74,0,10.36,NU,2021-01-22 01:00:45,clear sky
391,Portland,45.5234,-122.6762,46.4,70,75,3.44,US,2021-01-22 01:01:40,broken clouds
392,Zuenoula,7.4292,-6.0431,73.83,78,0,4.5,CI,2021-01-22 01:01:40,clear sky
393,Sabha,27.0377,14.4283,46.35,51,0,9.82,LY,2021-01-22 01:01:30,clear sky
394,Springbok,-29.6643,17.8865,77.02,18,84,2.98,ZA,2021-01-22 01:01:41,broken clouds
395,Patnos,39.2336,42.8634,-3.82,69,0,1.57,TR,2021-01-22 01:01:41,clear sky
396,Cervignano Del Friuli,45.8211,13.3381,48.2,100,90,4.61,IT,2021-01-22 01:01:41,mist
397,Colares,38.7992,-9.4469,60.01,100,92,24.0,PT,2021-01-22 01:01:16,overcast clouds
398,Refojos De Basto,41.5132,-7.9952,51.01,90,100,8.99,PT,2021-01-22 01:01:42,overcast clouds
399,Simpang,-1.2667,104.0833,78.03,90,100,2.82,ID,2021-01-22 01:01:42,light rain
400,Tutoia,-2.7619,-42.2744,78.55,85,100,9.91,BR,2021-01-22 01:01:42,moderate rain
401,Manggar,-2.8833,108.2667,80.8,79,31,9.6,ID,2021-01-22 01:01:42,light rain
402,Buchach,49.0625,25.388,37.99,82,93,10.09,UA,2021-01-22 01:01:43,overcast clouds
403,Clevelandia,-26.3958,-52.4708,65.12,88,100,8.68,BR,2021-01-22 01:01:43,moderate rain
404,Garowe,8.4054,48.4845,67.48,82,3,7.92,SO,2021-01-22 01:01:43,clear sky
405,Ajaccio,42.0,8.9167,57.2,88,90,14.97,FR,2021-01-22 01:00:58,overcast clouds
406,Mayumba,-3.432,10.6554,78.67,86,100,6.69,GA,2021-01-22 01:01:43,moderate rain
407,Kita,13.0349,-9.4895,71.47,20,100,6.42,ML,2021-01-22 01:01:44,overcast clouds
408,Tigil,57.8,158.6667,-14.69,88,0,1.52,RU,2021-01-22 01:01:44,clear sky
409,Pandan,14.0453,124.1694,83.21,72,100,6.29,PH,2021-01-22 01:01:44,overcast clouds
410,Lamar,33.6668,-95.5836,51.01,93,90,5.75,US,2021-01-22 01:01:44,overcast clouds
411,Leningradskiy,69.3833,178.4167,-13.16,87,100,9.82,RU,2021-01-22 01:01:44,overcast clouds
412,Ambilobe,-13.2,49.05,74.01,94,100,1.23,MG,2021-01-22 01:01:44,overcast clouds
413,Camana,-16.6228,-72.7111,71.47,77,86,8.72,PE,2021-01-22 01:01:45,overcast clouds
414,Chatham,51.3789,0.5279,41.0,84,0,5.99,GB,2021-01-22 01:00:18,clear sky
415,Ati,13.2154,18.3353,61.75,29,0,13.42,TD,2021-01-22 01:01:45,clear sky
416,Necochea,-38.5473,-58.7368,75.0,64,0,5.99,AR,2021-01-22 01:01:45,clear sky
417,Kodinsk,58.6881,99.1844,-18.0,86,100,3.56,RU,2021-01-22 01:01:45,light snow
418,Diamantino,-14.4086,-56.4461,73.33,86,100,2.55,BR,2021-01-22 01:01:46,moderate rain
419,Fairbanks,64.8378,-147.7164,8.6,78,20,4.61,US,2021-01-22 00:57:34,few clouds
420,Stuttgart,48.7823,9.177,50.0,66,40,13.8,DE,2021-01-22 01:01:34,scattered clouds
421,Nizhniy Odes,63.6445,54.856,-10.52,90,100,4.83,RU,2021-01-22 01:01:46,overcast clouds
422,La Ronge,55.1001,-105.2842,12.2,79,99,9.22,CA,2021-01-22 01:01:46,overcast clouds
423,Mersing,2.4312,103.8405,73.4,94,40,4.61,MY,2021-01-22 01:01:47,scattered clouds
424,Nanakuli,21.3906,-158.1547,82.4,51,40,10.36,US,2021-01-22 01:01:47,scattered clouds
425,Touros,-5.1989,-35.4608,78.8,78,0,5.75,BR,2021-01-22 01:01:47,clear sky
426,Yakeshi,49.2833,120.7333,-9.47,89,37,4.5,CN,2021-01-22 00:58:32,scattered clouds
427,Minot,48.2325,-101.2963,14.0,62,90,17.27,US,2021-01-22 01:01:48,overcast clouds
428,Okhotsk,59.3833,143.3,-10.05,83,100,12.12,RU,2021-01-22 01:01:48,overcast clouds
429,Baker City,44.7749,-117.8344,35.6,80,90,3.44,US,2021-01-22 01:01:48,light snow
430,Jaumave,23.4167,-99.3833,77.0,65,1,20.71,MX,2021-01-22 01:01:48,clear sky
431,Payette,44.0782,-116.9338,35.6,80,90,4.61,US,2021-01-22 01:01:48,light snow
432,Inuvik,68.3499,-133.7218,1.4,85,41,4.61,CA,2021-01-22 00:57:17,scattered clouds
433,Port-Cartier,50.0334,-66.8654,10.4,61,100,8.05,CA,2021-01-22 01:01:49,overcast clouds
434,Middelburg,-25.7751,29.4648,57.61,86,0,4.74,ZA,2021-01-22 01:01:49,clear sky
435,Kahului,20.8947,-156.47,80.6,54,40,24.16,US,2021-01-22 01:01:49,scattered clouds
436,Shingu,33.7333,135.9833,53.6,100,75,1.14,JP,2021-01-22 01:00:30,mist
437,Beringovskiy,63.05,179.3167,-0.65,92,100,7.74,RU,2021-01-22 01:01:50,light snow
438,Saint George,37.1041,-113.5841,60.8,33,1,4.61,US,2021-01-22 01:00:06,clear sky
439,Hayden,47.766,-116.7866,34.0,64,90,11.5,US,2021-01-22 01:01:50,overcast clouds
440,Boende,-0.2167,20.8667,73.44,73,81,0.92,CD,2021-01-22 01:01:50,broken clouds
441,Akim Swedru,5.8938,-1.0164,74.93,92,97,1.97,GH,2021-01-22 01:01:50,overcast clouds
442,Mbigou,-1.9005,11.906,67.23,97,7,1.77,GA,2021-01-22 01:01:50,clear sky
443,Puerto Narino,-3.7703,-70.3831,74.61,95,100,1.41,CO,2021-01-22 01:01:51,overcast clouds
444,Flin Flon,54.7682,-101.865,3.2,85,90,2.3,CA,2021-01-22 01:01:51,light snow
445,Balykshi,47.0667,51.8667,8.6,85,40,6.71,KZ,2021-01-22 01:01:51,mist
446,Ivdel,60.6911,60.4206,-17.27,86,100,8.37,RU,2021-01-22 01:01:51,overcast clouds
447,Grenville,12.1167,-61.6167,78.8,78,20,13.8,GD,2021-01-22 01:00:33,few clouds
448,Cleethorpes,53.5605,-0.0323,39.2,87,0,16.11,GB,2021-01-22 01:01:52,clear sky
449,Kupang,-10.1667,123.5833,83.61,75,99,10.25,ID,2021-01-22 01:01:52,overcast clouds
450,Luis Correia,-2.8792,-41.6669,79.3,82,100,12.28,BR,2021-01-22 01:01:52,overcast clouds
451,Pacific Grove,36.6177,-121.9166,53.01,85,100,4.0,US,2021-01-22 01:01:52,overcast clouds
452,Kavaratti,10.5669,72.642,81.46,74,20,10.22,IN,2021-01-22 01:01:52,few clouds
453,Portree,57.4129,-6.1942,37.99,86,100,11.01,GB,2021-01-22 01:01:53,overcast clouds
454,Faya,18.3851,42.4509,51.8,37,0,4.61,SA,2021-01-22 01:01:53,dust
455,Moba,33.2288,105.0179,32.95,67,100,3.27,CN,2021-01-22 01:01:53,overcast clouds
456,Marzuq,14.4,46.4667,55.13,37,2,4.65,YE,2021-01-22 01:01:53,clear sky
457,Panjab,34.388,67.0233,14.14,83,86,2.86,AF,2021-01-22 01:01:53,overcast clouds
458,Megion,61.0296,76.1136,-20.2,76,20,11.18,RU,2021-01-22 01:01:53,few clouds
459,Kuytun,54.3419,101.5036,-7.04,90,100,5.61,RU,2021-01-22 01:01:54,overcast clouds
460,Hervey Bay,-25.2986,152.8535,82.99,57,0,3.0,AU,2021-01-22 01:01:54,clear sky
461,Zalantun,48.0,122.7167,4.28,84,0,5.01,CN,2021-01-22 01:01:04,clear sky
462,Oksfjord,70.2396,22.3479,14.0,85,100,1.14,NO,2021-01-22 01:01:54,overcast clouds
463,Lavrentiya,65.5833,-171.0,24.58,97,100,18.5,RU,2021-01-22 01:01:54,light snow
464,Roald,62.5833,6.1333,41.0,87,20,14.97,NO,2021-01-22 01:01:11,few clouds
465,Sibolga,1.7427,98.7792,78.6,74,100,2.44,ID,2021-01-22 01:01:55,light rain
466,Ulladulla,-35.35,150.4667,86.0,37,0,6.91,AU,2021-01-22 00:56:57,clear sky
467,Nioro,13.35,-15.75,78.26,17,0,8.88,GM,2021-01-22 01:01:55,clear sky
468,Palmer,42.1584,-72.3287,28.99,72,0,4.52,US,2021-01-22 01:01:55,clear sky
469,Mollendo,-17.0231,-72.0147,70.7,77,100,8.68,PE,2021-01-22 01:01:55,overcast clouds
470,Kinablangan,7.6947,126.5503,80.01,77,97,2.37,PH,2021-01-22 01:01:55,light rain
471,Cururupu,-1.8283,-44.8683,77.61,83,100,4.41,BR,2021-01-22 01:01:56,overcast clouds
472,Volot,57.9278,30.7025,31.24,98,100,9.06,RU,2021-01-22 01:01:56,overcast clouds
473,North Battleford,52.7834,-108.2847,17.6,79,90,6.91,CA,2021-01-22 01:01:56,light snow
474,Tateyama,34.9833,139.8667,53.6,66,20,4.61,JP,2021-01-22 01:01:56,few clouds
475,Bambanglipuro,-7.95,110.2833,80.15,78,100,3.62,ID,2021-01-22 01:01:53,overcast clouds
476,Qui Nhon,13.7667,109.2333,71.71,83,90,8.34,VN,2021-01-22 01:01:57,overcast clouds
477,Tilichiki,60.4667,166.1,-4.47,92,100,8.66,RU,2021-01-22 01:01:57,overcast clouds
478,Falavarjan,32.5553,51.5097,21.2,63,0,4.61,IR,2021-01-22 01:01:57,clear sky
479,Chuguyevka,44.1653,133.8633,11.01,89,35,2.19,RU,2021-01-22 01:01:57,scattered clouds
480,Martapura,-3.4167,114.85,82.33,77,100,3.22,ID,2021-01-22 01:00:41,overcast clouds
481,Ponta Delgada,37.7333,-25.6667,55.99,82,20,3.44,PT,2021-01-22 01:01:58,few clouds
482,Sao Jose Da Coroa Grande,-8.8978,-35.1478,77.16,82,82,9.13,BR,2021-01-22 01:01:58,broken clouds
483,Fayaoue,-20.65,166.5333,79.7,74,100,18.07,NC,2021-01-22 01:01:58,light rain
484,Seoul,37.5683,126.9778,41.0,93,75,3.44,KR,2021-01-22 01:01:58,mist
485,Petawawa,45.9001,-77.3328,32.0,86,90,4.61,CA,2021-01-22 01:00:07,overcast clouds
486,Bridgwater,51.1284,-3.0036,41.0,92,36,1.99,GB,2021-01-22 01:01:59,scattered clouds
487,Makakilo City,21.3469,-158.0858,82.4,51,40,10.36,US,2021-01-22 01:00:00,scattered clouds
488,San Javier,37.8063,-0.8374,61.0,63,99,9.22,ES,2021-01-22 01:01:59,overcast clouds
489,Adwa,14.1646,38.8955,54.59,67,99,4.88,ET,2021-01-22 01:01:59,overcast clouds
490,Karak,31.1667,35.75,35.6,80,0,11.5,JO,2021-01-22 01:01:59,clear sky
491,Beloslav,43.1833,27.7,39.0,80,0,3.44,BG,2021-01-22 01:02:00,clear sky
492,Norman Wells,65.282,-126.8329,5.0,85,90,3.44,CA,2021-01-22 01:02:00,light snow
493,Ashington,50.9331,-0.3909,39.0,3,0,3.0,GB,2021-01-22 01:02:00,clear sky
494,Jibuti,11.5,42.5,71.6,73,1,3.44,DJ,2021-01-22 00:57:19,haze
495,Cradock,-32.1642,25.6192,72.77,61,28,1.86,ZA,2021-01-22 01:02:00,scattered clouds
496,Khani,41.9563,42.9566,32.0,80,0,8.05,GE,2021-01-22 01:02:01,clear sky
497,Qostanay,53.1667,63.5833,-4.0,84,0,8.95,KZ,2021-01-22 01:02:01,clear sky
498,Kayerkan,69.3497,87.7602,-40.65,77,0,2.95,RU,2021-01-22 01:02:01,clear sky
499,Bela,25.9333,81.9833,47.73,56,0,3.38,IN,2021-01-22 01:02:01,clear sky
500,Balkhash,46.844,74.9804,27.82,97,100,1.66,KZ,2021-01-22 01:02:01,overcast clouds
501,Te Anau,-45.4167,167.7167,63.91,53,4,6.93,NZ,2021-01-22 01:01:21,clear sky
502,Huizhou,23.0833,114.4,66.99,83,84,3.65,CN,2021-01-22 01:02:02,broken clouds
503,Libreville,0.3925,9.4537,82.4,78,20,4.79,GA,2021-01-22 00:58:16,few clouds
504,Chandur Bazar,21.2417,77.7456,60.66,31,23,3.09,IN,2021-01-22 01:02:02,few clouds
505,Odweyne,9.4092,45.064,65.71,34,1,3.29,SO,2021-01-22 01:02:02,clear sky
506,Iquitos,-3.7481,-73.2472,75.2,94,75,2.3,PE,2021-01-22 01:02:02,light intensity drizzle
507,Dobryanka,58.4619,56.4165,-4.0,84,75,2.24,RU,2021-01-22 01:02:03,light snow
508,Almaznyy,48.0448,40.045,15.8,86,75,2.24,RU,2021-01-22 01:02:03,broken clouds
509,Tariba,7.8188,-72.2243,67.8,82,63,0.07,VE,2021-01-22 01:02:03,light rain
510,Tolbazy,54.0241,55.8825,8.6,85,90,13.42,RU,2021-01-22 01:02:03,snow
511,Krasnozerskoye,53.9828,79.2374,-5.91,92,74,8.14,RU,2021-01-22 01:02:04,broken clouds
512,Southbridge,42.0751,-72.0334,27.0,56,0,4.56,US,2021-01-22 01:02:04,clear sky
513,Waddan,29.1614,16.139,48.24,48,36,10.27,LY,2021-01-22 01:02:04,scattered clouds
514,Saint-Francois,46.4154,3.9054,51.01,71,90,13.8,FR,2021-01-22 01:02:04,overcast clouds
515,Tignere,7.3667,12.65,62.28,29,98,2.26,CM,2021-01-22 01:02:04,overcast clouds
516,Stornoway,58.2093,-6.3865,37.0,93,75,13.8,GB,2021-01-22 01:02:05,broken clouds
517,Kidal,18.4411,1.4078,60.1,28,0,11.65,ML,2021-01-22 01:02:05,clear sky
518,El Real De Santa Maria,8.109,-77.7325,75.09,90,49,1.9,PA,2021-01-22 01:02:05,scattered clouds
519,Grafton,42.207,-71.6856,28.0,68,40,9.22,US,2021-01-22 01:02:05,scattered clouds
520,Kashi,39.4547,75.9797,23.0,68,20,8.95,CN,2021-01-22 01:02:06,few clouds
521,Sivaki,52.6333,126.75,-20.94,85,0,4.52,RU,2021-01-22 01:02:06,clear sky
522,Bubaque,11.2833,-15.8333,77.77,71,100,10.94,GW,2021-01-22 01:02:06,overcast clouds
523,Yablonovo,50.8523,37.3574,24.8,100,90,13.42,RU,2021-01-22 01:02:06,mist
524,Mega,4.05,38.3,63.43,64,100,17.49,ET,2021-01-22 01:02:06,overcast clouds
525,Tagusao,9.1924,117.8141,79.09,82,92,3.94,PH,2021-01-22 01:02:07,overcast clouds
526,Matveyevka,52.15,56.1833,-2.2,78,90,8.95,RU,2021-01-22 01:02:07,light snow
527,Waingapu,-9.6567,120.2641,84.06,68,78,8.12,ID,2021-01-22 01:02:07,broken clouds
528,Madoc,44.5084,-77.4745,35.01,60,100,7.78,CA,2021-01-22 01:02:07,overcast clouds
529,Ilhabela,-23.7781,-45.3581,75.74,86,100,4.99,BR,2021-01-22 01:01:03,overcast clouds
530,Maltahohe,-24.8333,16.9833,81.27,37,100,7.85,NA,2021-01-22 01:02:07,overcast clouds
531,Karratha,-20.7377,116.8463,88.75,50,100,6.87,AU,2021-01-22 01:02:08,overcast clouds
532,Marienburg,54.0359,19.0266,39.2,75,0,11.5,PL,2021-01-22 01:02:08,clear sky
533,Mahanoro,-19.9,48.8,77.77,90,89,5.19,MG,2021-01-22 01:02:08,overcast clouds
534,Camocim,-2.9022,-40.8411,77.85,84,100,10.65,BR,2021-01-22 01:02:08,overcast clouds
535,Agirish,61.9247,63.0231,-18.72,87,100,8.97,RU,2021-01-22 01:02:08,overcast clouds
536,Ilulissat,69.2167,-51.1,19.4,49,20,3.44,GL,2021-01-22 01:02:09,few clouds
537,Severnyy,50.677,36.5532,24.8,100,90,13.42,RU,2021-01-22 01:02:09,light snow
538,Shenzhen,22.5455,114.0683,70.0,89,66,2.91,CN,2021-01-22 01:02:09,broken clouds
539,Japura,-0.3167,102.35,75.9,92,100,0.34,ID,2021-01-22 01:02:09,light rain
540,Evans,33.5337,-82.1307,55.99,87,100,3.0,US,2021-01-22 00:58:02,overcast clouds
541,Kisaran,2.9845,99.6158,75.22,84,96,1.86,ID,2021-01-22 01:02:09,overcast clouds
542,Fairview,40.8126,-73.999,39.99,48,1,5.61,US,2021-01-22 01:02:10,clear sky
543,Sayyan,15.1718,44.3244,41.67,59,91,5.86,YE,2021-01-22 01:02:10,overcast clouds
544,Turbat,26.0023,63.044,58.68,85,0,2.3,PK,2021-01-22 01:02:10,clear sky
545,Xacmaz,41.4635,48.806,27.81,93,23,2.91,AZ,2021-01-22 01:02:10,few clouds
546,Santa Maria,-29.6842,-53.8069,75.2,83,75,6.91,BR,2021-01-22 00:58:44,broken clouds
547,Nur,52.6683,22.3221,37.0,77,13,4.0,PL,2021-01-22 01:02:10,few clouds
548,Erdenet,49.0333,104.0833,9.34,85,28,3.38,MN,2021-01-22 01:02:11,scattered clouds
549,Lagos,6.5833,3.75,75.42,91,39,0.47,NG,2021-01-22 01:01:00,scattered clouds
550,Kloulklubed,7.0419,134.2556,84.2,79,75,6.91,PW,2021-01-22 01:02:11,light rain
551,Broome,42.2506,-75.833,32.0,64,90,4.61,US,2021-01-22 01:02:11,overcast clouds
552,Karpathos,35.507,27.2132,55.4,67,0,3.44,GR,2021-01-22 01:02:12,clear sky
553,Muriae,-21.1306,-42.3664,69.78,89,85,2.26,BR,2021-01-22 01:02:12,overcast clouds
554,Veraval,20.9,70.3667,65.1,62,0,11.5,IN,2021-01-22 01:00:24,clear sky
555,Oyama,36.3,139.8,46.0,75,20,1.14,JP,2021-01-22 01:02:12,few clouds
556,Albury,-36.0833,146.9167,91.0,30,100,6.91,AU,2021-01-22 01:00:02,overcast clouds
557,Svetlogorsk,52.6333,29.7333,34.18,91,100,10.98,BY,2021-01-22 01:01:22,overcast clouds
558,Tiznit,29.5833,-9.5,53.73,74,0,1.7,MA,2021-01-22 01:01:30,clear sky
559,Azare,11.6765,10.1948,61.48,30,29,10.4,NG,2021-01-22 01:02:13,scattered clouds
560,Xihe,31.6864,113.4659,49.08,60,100,1.66,CN,2021-01-22 01:02:13,overcast clouds
561,Verkhoyansk,67.5447,133.385,-30.87,81,100,1.1,RU,2021-01-22 01:02:13,overcast clouds
562,Alice Springs,-23.7,133.8833,95.0,8,100,16.11,AU,2021-01-22 01:02:13,overcast clouds
563,Salisbury,51.0693,-1.7957,35.6,93,0,8.05,GB,2021-01-22 01:01:40,clear sky
564,Rafraf,37.1904,10.1837,48.2,81,40,4.61,TN,2021-01-22 01:02:13,scattered clouds
565,Alta Floresta,-9.8756,-56.0861,70.52,97,100,2.93,BR,2021-01-22 01:02:14,overcast clouds
566,Rio Gallegos,-51.6226,-69.2181,64.4,27,0,12.66,AR,2021-01-22 01:02:14,clear sky
567,Hit,33.6416,42.8251,40.5,64,0,9.64,IQ,2021-01-22 01:02:14,clear sky
568,Port-Gentil,-0.7193,8.7815,80.82,77,100,6.4,GA,2021-01-22 01:02:14,light rain
569,Kirakira,-10.4544,161.9205,84.76,69,100,11.5,SB,2021-01-22 01:02:14,overcast clouds
570,Badarwas,24.9667,77.5667,53.82,39,0,2.86,IN,2021-01-22 01:02:14,clear sky
571,Draganesti,45.7833,27.4667,33.12,94,100,4.92,RO,2021-01-22 01:02:15,overcast clouds
572,Tingi,-11.3,35.0333,65.32,91,100,2.82,TZ,2021-01-22 01:02:15,light rain
573,Hirara,24.8,125.2833,71.6,100,75,13.8,JP,2021-01-22 01:02:15,light rain
574,Anchorage,61.2181,-149.9003,34.0,69,75,4.61,US,2021-01-22 01:02:15,broken clouds
575,Ercis,39.0287,43.3586,6.8,72,20,3.44,TR,2021-01-22 01:02:15,few clouds
576,Caravelas,-17.7125,-39.2481,75.56,80,7,5.01,BR,2021-01-22 01:02:16,clear sky
577,Tonantins,-2.8731,-67.8022,72.93,96,73,1.81,BR,2021-01-22 01:02:16,broken clouds
578,Bardiyah,31.7561,25.0865,52.05,62,7,2.95,LY,2021-01-22 01:02:16,clear sky
579,Rudnogorsk,57.2639,103.7519,-17.41,89,100,2.53,RU,2021-01-22 01:02:16,overcast clouds
580,Banjar,-8.19,114.9675,84.65,59,36,4.18,ID,2021-01-22 01:02:16,scattered clouds
581,Dicabisagan,17.0818,122.4157,80.35,77,47,3.8,PH,2021-01-22 01:02:16,scattered clouds
582,Shumskiy,54.8318,99.1328,7.34,91,100,3.69,RU,2021-01-22 01:02:17,overcast clouds
583,Lata,40.1629,-8.3327,59.0,88,100,5.99,PT,2021-01-22 01:02:17,overcast clouds
584,Sao Filipe,14.8961,-24.4956,72.57,71,100,7.43,CV,2021-01-22 01:02:17,overcast clouds
585,Kochki,54.3358,80.4806,-0.2,93,83,8.39,RU,2021-01-22 01:02:17,broken clouds
586,Willmar,45.1219,-95.0433,10.4,72,1,20.71,US,2021-01-22 01:02:17,clear sky
587,Svetlaya,46.5389,138.3297,9.16,77,0,8.75,RU,2021-01-22 01:02:18,clear sky
588,Shenjiamen,29.9576,122.298,51.33,98,99,8.86,CN,2021-01-22 01:02:18,overcast clouds
589,Octeville,49.6261,-1.6435,43.0,87,75,8.05,FR,2021-01-22 01:02:18,broken clouds
590,Ahuimanu,21.4447,-157.8378,82.4,61,75,9.22,US,2021-01-22 01:02:18,broken clouds
591,Mandalgovi,45.7625,106.2708,9.1,85,0,6.93,MN,2021-01-22 01:02:18,clear sky
592,Biberist,47.1856,7.5601,44.6,87,40,14.97,CH,2021-01-22 01:02:18,light rain
593,Talcahuano,-36.7167,-73.1167,57.2,94,75,11.5,CL,2021-01-22 01:00:15,broken clouds
594,Siuna,13.7332,-84.7773,71.64,90,2,4.29,NI,2021-01-22 01:02:19,clear sky
595,Chara,56.9064,118.2631,-28.48,67,0,0.94,RU,2021-01-22 01:01:38,clear sky
596,Bezhta,42.1338,46.1283,5.77,71,0,4.68,RU,2021-01-22 01:02:19,clear sky
597,Vrangel,42.7297,133.0839,25.92,86,0,8.19,RU,2021-01-22 01:02:19,clear sky
598,Chirongui,-12.9319,45.1483,80.6,83,40,11.5,YT,2021-01-22 01:02:19,scattered clouds
599,Laguna,38.421,-121.4238,60.01,33,1,4.61,US,2021-01-22 01:02:20,clear sky
600,Cascais,38.6979,-9.4215,60.01,100,97,24.38,PT,2021-01-22 01:02:20,overcast clouds
601,Altay,47.8667,88.1167,21.94,85,87,4.18,CN,2021-01-22 01:02:20,overcast clouds
602,Hearst,49.6835,-83.6665,5.0,78,100,8.05,CA,2021-01-22 01:02:20,overcast clouds
603,Igrim,63.1906,64.4162,-26.09,84,100,11.54,RU,2021-01-22 01:02:20,overcast clouds
604,Mahibadhoo,3.7833,72.9667,82.45,65,97,5.39,MV,2021-01-22 01:02:20,overcast clouds
605,Katiola,8.1333,-5.1,78.8,34,0,6.91,CI,2021-01-22 01:02:21,clear sky
606,Victor Harbor,-35.5667,138.6167,84.99,34,61,4.0,AU,2021-01-22 01:02:21,broken clouds
607,Khandbari,27.3747,87.2039,47.59,56,0,2.1,NP,2021-01-22 01:02:21,clear sky
608,Barra Do Garcas,-15.89,-52.2567,73.36,80,95,0.49,BR,2021-01-22 00:59:58,overcast clouds
609,Puerto Baquerizo Moreno,-0.9,-89.6,75.83,89,65,9.95,EC,2021-01-22 01:02:21,broken clouds
610,Ankazoabo,-22.2833,44.5167,74.21,84,100,1.59,MG,2021-01-22 01:02:21,overcast clouds
611,Fuling,29.7022,107.3919,47.43,85,100,1.63,CN,2021-01-22 01:02:22,overcast clouds
612,Vikulovo,56.8167,70.6107,-17.09,89,99,7.58,RU,2021-01-22 01:02:00,overcast clouds
613,Katherine,-14.4667,132.2667,82.4,74,40,5.75,AU,2021-01-22 01:02:22,scattered clouds
614,Trairi,-3.2778,-39.2689,78.46,82,100,7.58,BR,2021-01-22 01:02:22,overcast clouds
615,Sarkand,45.41,79.9186,34.48,71,100,4.61,KZ,2021-01-22 01:02:22,overcast clouds
616,Vega De Alatorre,20.0333,-96.6333,73.45,87,0,10.67,MX,2021-01-22 01:02:22,clear sky
617,Honiara,-9.4333,159.95,85.1,62,84,7.67,SB,2021-01-22 01:02:23,broken clouds
618,Belmonte,-15.8631,-38.8828,78.8,69,20,6.91,BR,2021-01-22 01:02:23,few clouds
619,Harnosand,62.6323,17.9379,37.99,100,90,10.36,SE,2021-01-22 01:02:23,overcast clouds
620,Sartell,45.6216,-94.2069,10.4,61,1,13.8,US,2021-01-22 01:02:23,clear sky
621,Lerwick,60.1545,-1.1494,41.0,81,75,20.71,GB,2021-01-22 01:02:24,broken clouds
622,Palana,59.1167,159.9667,-10.57,91,68,0.87,RU,2021-01-22 01:02:24,broken clouds
623,Honningsvag,70.9821,25.9704,23.58,90,100,30.82,NO,2021-01-22 01:02:24,overcast clouds
624,Aflao,6.116,1.1914,80.6,89,20,5.75,TG,2021-01-22 01:02:24,few clouds
625,Virginia Beach,36.8529,-75.978,46.99,49,20,6.91,US,2021-01-22 01:02:24,few clouds
626,Rumonge,-3.9736,29.4386,71.58,79,100,1.79,BI,2021-01-22 01:02:24,overcast clouds
627,Port Hedland,-20.3167,118.5667,86.0,51,75,18.41,AU,2021-01-22 01:02:25,broken clouds
628,Santiago Del Estero,-27.7951,-64.2615,81.0,56,0,1.99,AR,2021-01-22 01:02:25,clear sky
629,Urucui,-7.2294,-44.5561,74.82,89,95,4.03,BR,2021-01-22 01:02:25,overcast clouds
630,Rawson,-43.3002,-65.1023,75.96,46,0,12.37,AR,2021-01-22 01:02:25,clear sky
631,Goderich,43.7501,-81.7165,35.6,75,100,20.71,CA,2021-01-22 01:01:44,overcast clouds
632,Barabai,-2.5833,115.3833,82.99,72,90,1.97,ID,2021-01-22 01:02:26,moderate rain
633,Alihe,50.5667,123.7167,-7.11,85,0,2.73,CN,2021-01-22 01:02:26,clear sky
634,Requena,39.4883,-1.1004,62.6,59,75,13.8,ES,2021-01-22 01:02:26,broken clouds
635,Namibe,-15.1961,12.1522,73.26,74,100,7.74,AO,2021-01-22 01:02:26,overcast clouds
636,Moosomin,50.1333,-101.6677,-2.31,92,26,8.01,CA,2021-01-22 01:02:27,scattered clouds
637,Oranjemund,-28.55,16.4333,67.01,76,30,6.06,NA,2021-01-22 01:00:44,scattered clouds
638,Nemuro,43.3236,145.575,23.0,80,20,3.44,JP,2021-01-22 01:02:27,few clouds
639,Muyezerskiy,63.9333,31.65,7.11,92,100,13.67,RU,2021-01-22 01:02:27,light snow
640,Jati,24.3539,68.2671,63.57,92,0,9.51,PK,2021-01-22 01:02:28,clear sky
641,Nichinan,31.6,131.3667,59.0,94,40,5.75,JP,2021-01-22 01:02:28,scattered clouds
642,Cap Malheureux,-19.9842,57.6142,77.0,82,30,3.0,MU,2021-01-22 01:02:28,scattered clouds
643,Namatanai,-3.6667,152.4333,84.07,60,99,8.14,PG,2021-01-22 01:02:28,overcast clouds
644,Bac Lieu,9.285,105.7244,77.67,75,85,4.79,VN,2021-01-22 01:00:56,overcast clouds
645,Arroyo Grande,35.1186,-120.5907,59.0,58,1,14.97,US,2021-01-22 01:02:29,clear sky
646,Sur,22.5667,59.5289,68.79,48,0,3.98,OM,2021-01-22 01:02:29,clear sky
647,Balabac,7.9868,117.0645,80.98,81,82,13.4,PH,2021-01-22 01:02:29,broken clouds
648,North Bend,43.4065,-124.2243,52.0,71,90,8.05,US,2021-01-22 01:02:29,overcast clouds
649,Plettenberg Bay,-34.0527,23.3716,69.67,82,100,1.48,ZA,2021-01-22 01:02:29,overcast clouds
650,Luanda,-8.8368,13.2343,77.0,83,20,5.75,AO,2021-01-22 01:02:30,few clouds
651,Pospelikha,51.95,81.7667,14.92,96,100,8.21,RU,2021-01-22 01:02:30,snow
652,Shahr-E Babak,30.1165,55.1186,31.5,81,62,8.08,IR,2021-01-22 01:02:30,broken clouds
653,Rayadrug,14.7,76.8667,68.47,59,0,3.53,IN,2021-01-22 01:02:30,clear sky
654,Ust-Tsilma,65.441,52.1498,-11.85,89,100,3.51,RU,2021-01-22 01:02:30,overcast clouds
655,Ippy,6.2679,21.2247,69.46,31,43,5.17,CF,2021-01-22 01:02:30,scattered clouds
656,Aranda De Duero,41.6704,-3.6892,43.34,84,91,18.12,ES,2021-01-22 01:02:31,overcast clouds
657,Vardo,70.3705,31.1107,22.8,94,100,23.09,NO,2021-01-22 01:01:20,light snow
658,Paamiut,61.994,-49.6678,24.48,86,1,6.78,GL,2021-01-22 01:02:31,clear sky
659,Korla,41.7597,86.1469,20.34,85,100,2.01,CN,2021-01-22 01:02:31,overcast clouds
660,Chuzhou,32.3219,118.2978,48.0,93,100,1.01,CN,2021-01-22 01:02:31,light rain
661,Abay,49.6311,72.8539,1.4,85,40,4.47,KZ,2021-01-22 01:02:31,scattered clouds
662,Mattru,7.6244,-11.8332,74.14,91,1,1.12,SL,2021-01-22 01:02:32,clear sky
663,Mount Gambier,-37.8333,140.7667,69.8,56,100,11.5,AU,2021-01-22 01:02:32,overcast clouds
664,Gualeguay,-33.1416,-59.3097,81.16,33,0,12.82,AR,2021-01-22 01:02:32,clear sky
665,Kapuskasing,49.4169,-82.4331,10.4,85,100,13.8,CA,2021-01-22 01:02:32,overcast clouds
666,Ozernovskiy,51.5,156.5167,17.2,85,0,5.68,RU,2021-01-22 01:02:32,clear sky
667,Okha,53.5739,142.9478,-1.05,91,100,15.5,RU,2021-01-22 01:02:32,overcast clouds
668,Halifax,44.6453,-63.5724,24.8,58,75,6.91,CA,2021-01-22 00:57:36,broken clouds
669,Karata,42.5949,46.3393,17.06,62,0,4.63,RU,2021-01-22 01:02:33,clear sky
670,Divnomorskoye,44.5011,38.1353,46.0,68,38,20.15,RU,2021-01-22 01:02:33,scattered clouds
671,Celendin,-6.8703,-78.1517,55.11,87,90,3.2,PE,2021-01-22 01:02:33,light rain
672,Bangassou,4.7413,22.8184,65.71,39,81,2.57,CF,2021-01-22 01:02:33,broken clouds
673,Sisimiut,66.9395,-53.6735,20.62,80,0,6.11,GL,2021-01-22 01:02:34,clear sky
674,Pitimbu,-7.4706,-34.8086,77.0,88,20,6.91,BR,2021-01-22 01:01:21,few clouds
675,Lexington,37.9887,-84.4777,39.99,81,1,9.22,US,2021-01-22 01:02:23,clear sky
676,Sunbury,-37.5833,144.7333,82.99,24,0,8.05,AU,2021-01-22 01:02:34,clear sky
677,Madison,34.7334,-86.5667,46.0,100,1,2.89,US,2021-01-22 01:02:34,mist
678,Payson,40.0444,-111.7321,43.0,56,1,5.75,US,2021-01-22 01:00:05,clear sky
679,Mehriz,31.5917,54.4318,32.0,43,0,9.22,IR,2021-01-22 01:02:35,haze
680,Chingirlau,51.095,54.0814,1.31,94,100,10.54,KZ,2021-01-22 01:02:35,light snow
681,Tongliao,43.6125,122.2653,3.25,92,0,2.84,CN,2021-01-22 01:02:35,clear sky
